1 54227U 22147A   22308.79105818 -.00000055  00000+0  00000+0 0  9999
2 54227  97.6565 311.5159 0011681 302.3480 246.6083 14.92786674    05
1 54227U 22147A   22309.22508430 -.00081166  00000+0 -79439-2 0  9993
2 54227  97.6570 311.9474 0015694 305.6165  54.2042 14.92671330    76
1 54227U 22147A   22309.38670009  .00059291  00000+0  56793-2 0  9992
2 54227  97.6529 312.0977 0012182 306.2777 201.7455 14.92840998    92
1 54227U 22147A   22309.56023056 -.00022565  00000+0 -21814-2 0  9998
2 54227  97.6517 312.2643 0011820 305.8738  54.1377 14.92804689   125
1 54227U 22147A   22309.62726042 -.00020818  00000+0 -20117-2 0  9994
2 54227  97.6519 312.3292 0011835 305.7546  54.2585 14.92802769   130
1 54227U 22147A   22309.89537258  .00024592  00000+0  23710-2 0  9995
2 54227  97.6532 312.5900 0011564 303.4780  56.5333 14.92835446   175
1 54227U 22147A   22309.96240009  .00025583  00000+0  24658-2 0  9991
2 54227  97.6528 312.6561 0011563 302.6332  57.3770 14.92839616   185
1 54227U 22147A   22310.23051399  .00007578  00000+0  73614-3 0  9996
2 54227  97.6530 312.9169 0011641 300.5799  59.4259 14.92831074   226
1 54227U 22147A   22310.63268574  .00001662  00000+0  16575-3 0  9996
2 54227  97.6529 313.3080 0011664 299.3346  60.6699 14.92827886   283
1 54227U 22147A   22311.23593902  .00005162  00000+0  50322-3 0  9996
2 54227  97.6529 313.8943 0011590 297.4360  62.5674 14.92837595   371
1 54227U 22147A   22311.90621871  .00004717  00000+0  46027-3 0  9999
2 54227  97.6528 314.5462 0011550 295.3532  64.6493 14.92843250   476
1 54227U 22147A   22312.50946669  .00005216  00000+0  50827-3 0  9999
2 54227  97.6528 315.1329 0011525 293.2329  66.7676 14.92850489   566
1 54227U 22147A   22312.97865597  .00006523  00000+0  63408-3 0  9991
2 54227  97.6528 315.5892 0011506 291.2585  68.7452 14.92859632   637
1 54227U 22147A   22313.24676088  .00007353  00000+0  71393-3 0  9991
2 54227  97.6527 315.8503 0011521 290.3788  69.6194 14.92866041   679
1 54227U 22147A   22313.58189479  .00006555  00000+0  63702-3 0  9999
2 54227  97.6526 316.1760 0011555 289.1324  70.8588 14.92868552   722
1 54227U 22147A   22313.91702808  .00006824  00000+0  66282-3 0  9998
2 54227  97.6526 316.5019 0011580 288.0263  71.9697 14.92873791   770
1 54227U 22147A   22314.25215985  .00006599  00000+0  64112-3 0  9990
2 54227  97.6524 316.8280 0011601 287.3612  72.6316 14.92877747   822
1 54227U 22147A   22314.58729176  .00005215  00000+0  50781-3 0  9999
2 54227  97.6523 317.1536 0011748 285.7582  74.2259 14.92878032   876
1 54227U 22147A   22314.92242397  .00005301  00000+0  51612-3 0  9992
2 54227  97.6523 317.4794 0011762 284.6688  75.3228 14.92881821   920
1 54227U 22147A   22315.25755498  .00004577  00000+0  44631-3 0  9997
2 54227  97.6523 317.8056 0011712 283.5636  76.4249 14.92882917   978
1 54227U 22147A   22315.59268637  .00003685  00000+0  36044-3 0  9996
2 54227  97.6523 318.1315 0011778 281.9120  78.0744 14.92882756  1028
1 54227U 22147A   22315.92781680  .00003741  00000+0  36582-3 0  9991
2 54227  97.6523 318.4574 0011790 280.8767  79.1126 14.92885487  1072
1 54227U 22147A   22316.26294646  .00003606  00000+0  35282-3 0  9996
2 54227  97.6523 318.7832 0011778 279.7120  80.2769 14.92887445  1126
1 54227U 22147A   22316.59807582  .00003400  00000+0  33294-3 0  9994
2 54227  97.6520 319.1085 0011811 278.4830  81.5047 14.92889014  1172
1 54227U 22147A   22316.93320413  .00003522  00000+0  34467-3 0  9993
2 54227  97.6520 319.4344 0011841 277.5355  82.4528 14.92891924  1221
1 54227U 22147A   22317.60345945  .00003451  00000+0  33776-3 0  9998
2 54227  97.6518 320.0859 0011823 275.0817  84.9051 14.92896339  1327
1 54227U 22147A   22317.60345950  .00003444  00000+0  33715-3 0  9999
2 54227  97.6518 320.0859 0011825 275.0411  84.9458 14.92896303  1321
1 54227U 22147A   22317.73751034  .00003530  00000+0  34537-3 0  9996
2 54227  97.6518 320.2163 0011810 274.3440  85.6451 14.92897647  1344
1 54227U 22147A   22318.60883754  .00003551  00000+0  34734-3 0  9990
2 54227  97.6518 321.0635 0011867 271.3067  88.6790 14.92904083  1477
1 54227U 22147A   22318.94396226  .00003659  00000+0  35772-3 0  9992
2 54227  97.6517 321.3894 0011842 269.9040  90.0825 14.92907090  1526
1 54227U 22147A   22318.94396241  .00003633  00000+0  35523-3 0  9995
2 54227  97.6517 321.3894 0011826 269.7524  90.2342 14.92906921  1521
1 54227U 22147A   22319.61421096  .00003610  00000+0  35292-3 0  9995
2 54227  97.6516 322.0410 0011851 267.5512  92.4349 14.92911748  1628
1 54227U 22147A   22319.94933439  .00003629  00000+0  35474-3 0  9992
2 54227  97.6515 322.3668 0011865 266.4383  93.5481 14.92914312  1678
1 54227U 22147A   22320.55255547  .00003566  00000+0  34866-3 0  9992
2 54227  97.6518 322.9536 0011874 264.5357  95.4492 14.92918318  1764
1 54227U 22147A   22320.88767725  .00003640  00000+0  35576-3 0  9996
2 54227  97.6517 323.2795 0011830 262.8510  97.1362 14.92921177  1816
1 54227U 22147A   22321.08875033  .00003610  00000+0  35290-3 0  9991
2 54227  97.6518 323.4750 0011807 262.1235  97.8636 14.92922463  1844
1 54227U 22147A   22321.55792012  .00003557  00000+0  34772-3 0  9992
2 54227  97.6519 323.9312 0011812 260.8059  99.1810 14.92925554  1910
1 54227U 22147A   22321.75899271  .00003531  00000+0  34521-3 0  9993
2 54227  97.6518 324.1265 0011783 259.5015 100.4859 14.92926783  1940
1 54227U 22147A   22322.09411325  .00003500  00000+0  34227-3 0  9990
2 54227  97.6518 324.4523 0011759 258.3349 101.6534 14.92928973  1991
1 54227U 22147A   22322.56328137  .00003444  00000+0  33682-3 0  9991
2 54227  97.6519 324.9085 0011745 256.9948 102.9948 14.92931924  2066
1 54227U 22147A   22322.76435312  .00003483  00000+0  34052-3 0  9992
2 54227  97.6518 325.1040 0011736 255.9833 104.0100 14.92933567  2092
1 54227U 22147A   22323.16649534  .00003469  00000+0  33922-3 0  9999
2 54227  97.6519 325.4951 0011737 254.4857 105.5066 14.92936289  2156
1 54227U 22147A   22323.16649534  .00003473  00000+0  33960-3 0  9996
2 54227  97.6519 325.4951 0011734 254.5231 105.4694 14.92936312  2153
1 54227U 22147A   22323.97077843  .00003450  00000+0  33728-3 0  9990
2 54227  97.6519 326.2772 0011758 251.4562 108.5393 14.92941756  2273
1 54227U 22147A   22324.17184860  .00003421  00000+0  33454-3 0  9995
2 54227  97.6519 326.4728 0011760 250.5799 109.4141 14.92942934  2305
1 54227U 22147A   22324.57398884  .00003414  00000+0  33386-3 0  9998
2 54227  97.6519 326.8638 0011749 248.8963 111.0999 14.92945647  2369
1 54227U 22147A   22324.90910484  .00003431  00000+0  33548-3 0  9990
2 54227  97.6519 327.1897 0011740 247.7777 112.2199 14.92948074  2410
1 54227U 22147A   22325.24421990  .00003450  00000+0  33722-3 0  9992
2 54227  97.6520 327.5157 0011722 246.7930 113.2042 14.92950546  2465
1 54227U 22147A   22325.57933524  .00003437  00000+0  33593-3 0  9990
2 54227  97.6519 327.8415 0011726 245.4859 114.5137 14.92952795  2516
1 54227U 22147A   22325.98147236  .00003454  00000+0  33757-3 0  9993
2 54227  97.6520 328.2329 0011756 243.9242 116.0769 14.92955691  2571
1 54227U 22147A   22326.24956366  .00003437  00000+0  33592-3 0  9993
2 54227  97.6520 328.4936 0011740 243.1130 116.8888 14.92957445  2612
1 54227U 22147A   22326.58467762  .00003271  00000+0  31994-3 0  9997
2 54227  97.6521 328.8190 0011879 242.4047 117.5922 14.92958645  2666
1 54228U 22147B   22327.25490654  .00001669  00000+0  16588-3 0  9990
2 54228  97.6516 329.4721 0011849 237.5437 122.4637 14.92957562  2769
1 54228U 22147B   22327.72406562  .00001932  00000+0  19115-3 0  9999
2 54228  97.6515 329.9283 0011872 235.9176 124.0917 14.92959716  2834
1 54228U 22147B   22327.99215592  .00001738  00000+0  17253-3 0  9994
2 54228  97.6515 330.1890 0011895 234.9552 125.0553 14.92960401  2878
1 54228U 22147B   22328.32726901  .00002031  00000+0  20067-3 0  9997
2 54228  97.6515 330.5149 0011925 233.6820 126.3299 14.92962471  2923
1 54228U 22147B   22328.79642663  .00002140  00000+0  21118-3 0  9999
2 54228  97.6514 330.9711 0011961 231.9669 128.0472 14.92964552  2994
1 54228U 22147B   22328.99749404  .00001825  00000+0  18088-3 0  9993
2 54228  97.6514 331.1666 0011980 231.2225 128.7925 14.92964406  3021
1 54228U 22147B   22329.46665065  .00002377  00000+0  23397-3 0  9998
2 54228  97.6514 331.6227 0012016 229.4682 130.5492 14.92967938  3096
1 54228U 22147B   22329.94648912  .00001462  00000+0  14599-3 0  9991
2 54228  97.6508 332.0906 0011891 228.5258 188.8690 14.92967778  3163
1 54228U 22147B   22330.47198434  .00002514  00000+0  24710-3 0  9995
2 54228  97.6515 332.6003 0012082 225.7127 134.3102 14.92972445  3242
1 54228U 22147B   22330.80709478  .00002539  00000+0  24944-3 0  9994
2 54228  97.6516 332.9261 0012100 224.4713 135.5536 14.92973981  3295
1 54228U 22147B   22331.00816067  .00002636  00000+0  25881-3 0  9999
2 54228  97.6516 333.1216 0012110 223.7485 136.2776 14.92975378  3327
1 54228U 22147B   22331.47731432  .00002272  00000+0  22374-3 0  9992
2 54228  97.6517 333.5778 0012130 221.9786 138.0504 14.92976571  3393
1 54228U 22147B   22331.87944536  .00002819  00000+0  27637-3 0  9991
2 54228  97.6518 333.9689 0012164 220.4105 139.6212 14.92980256  3450
1 54228U 22147B   22332.41561879  .00002962  00000+0  29002-3 0  9994
2 54228  97.6520 334.4902 0012200 218.3317 141.7037 14.92983794  3537
1 54228U 22147B   22332.48264049  .00002916  00000+0  28557-3 0  9993
2 54228  97.6520 334.5554 0012202 218.0867 141.9491 14.92984000  3548
1 54228U 22147B   22333.42094117  .00003050  00000+0  29849-3 0  9990
2 54228  97.6523 335.4678 0012258 214.5333 145.5091 14.92989890  3681
1 54228U 22147B   22333.82306891  .00003420  00000+0  33392-3 0  9998
2 54228  97.6523 335.8590 0012282 213.0329 147.0125 14.92993321  3740
1 54228U 22147B   22334.42625941  .00003137  00000+0  30675-3 0  9991
2 54228  97.6524 336.4456 0012296 210.7983 149.2516 14.92996127  3839
1 54228U 22147B   22334.82838523  .00003268  00000+0  31930-3 0  9997
2 54228  97.6525 336.8368 0012312 209.3681 150.6848 14.92999079  3893
1 54228U 22147B   22334.96242704  .00003259  00000+0  31845-3 0  9997
2 54228  97.6525 336.9672 0012313 208.8885 151.1654 14.92999949  3913
1 54228U 22147B   22335.43157249  .00003260  00000+0  31848-3 0  9994
2 54228  97.6525 337.4235 0012340 207.1645 152.8930 14.93003243  3986
1 54228U 22147B   22335.83369612  .00003358  00000+0  32784-3 0  9995
2 54228  97.6524 337.8146 0012360 205.7979 154.2626 14.93006413  4044
1 54228U 22147B   22336.43688034  .00003162  00000+0  30904-3 0  9999
2 54228  97.6524 338.4013 0012387 203.7095 156.3555 14.93010249  4136
1 54228U 22147B   22336.83900223  .00003114  00000+0  30436-3 0  9997
2 54228  97.6523 338.7924 0012412 202.3615 157.7065 14.93012944  4192
1 54228U 22147B   22337.44218358  .00002834  00000+0  27754-3 0  9993
2 54228  97.6522 339.3790 0012463 200.3260 159.7466 14.93016611  4281
1 54228U 22147B   22337.50920360  .00002788  00000+0  27309-3 0  9997
2 54228  97.6522 339.4442 0012474 200.0773 159.9958 14.93016970  4291
1 54228U 22147B   22337.57622365  .00002755  00000+0  26988-3 0  9994
2 54228  97.6522 339.5094 0012477 199.8540 160.2196 14.93017328  4304
1 54228U 22147B   22338.44748263  .00002367  00000+0  23264-3 0  9990
2 54228  97.6520 340.3568 0012561 197.0054 163.0746 14.93022097  4437
1 54228U 22147B   22338.58152227  .00002314  00000+0  22750-3 0  9995
2 54228  97.6519 340.4871 0012582 196.5519 163.5292 14.93022749  4453
1 54228U 22147B   22338.78258139  .00002905  00000+0  28427-3 0  9999
2 54228  97.6518 340.6826 0012604 195.8632 164.2195 14.93025827  4480
1 54228U 22147B   22339.45277745  .00002616  00000+0  25648-3 0  9999
2 54228  97.6516 341.3344 0012666 193.6981 166.3897 14.93029311  4587
1 54228U 22147B   22339.72085556  .00002675  00000+0  26215-3 0  9992
2 54228  97.6515 341.5952 0012686 192.8432 167.2467 14.93030974  4622
1 54228U 22147B   22339.78787502  .00002746  00000+0  26890-3 0  9996
2 54228  97.6515 341.6603 0012698 192.6211 167.4693 14.93031603  4636
1 54228U 22147B   22340.45806893  .00002907  00000+0  28434-3 0  9992
2 54228  97.6514 342.3120 0012775 190.4397 169.6560 14.93035914  4731
1 54228U 22147B   22340.79316507  .00002583  00000+0  25325-3 0  9993
2 54228  97.6513 342.6379 0012811 189.3426 170.7557 14.93036856  4780
1 54228U 22147B   22341.73143238  .00003404  00000+0  33189-3 0  9997
2 54228  97.6510 343.5503 0012918 186.3621 173.7437 14.93044082  4924
1 54228U 22147B   22342.46863850  .00003980  00000+0  38712-3 0  9993
2 54228  97.6509 344.2671 0012991 183.8662 176.2459 14.93050899  5032
1 54228U 22147B   22342.80373144  .00003762  00000+0  36618-3 0  9994
2 54228  97.6508 344.5930 0013027 182.7107 177.4044 14.93052764  5086
1 54228U 22147B   22343.47391535  .00003846  00000+0  37414-3 0  9990
2 54228  97.6509 345.2446 0013098 180.3411 179.7802 14.93058441  5183
1 54228U 22147B   22343.80900647  .00003652  00000+0  35557-3 0  9998
2 54228  97.6509 345.5705 0013138 179.1613 180.9631 14.93060604  5233
1 54228U 22147B   22344.54620433  .00003836  00000+0  37308-3 0  9992
2 54228  97.6510 346.2873 0013235 176.5104 183.6210 14.93067467  5342
1 54228U 22147B   22344.74725785  .00003838  00000+0  37325-3 0  9991
2 54228  97.6511 346.4828 0013255 175.8013 184.3320 14.93068987  5379
1 54228U 22147B   22345.01532877  .00004025  00000+0  39122-3 0  9996
2 54228  97.6511 346.7435 0013284 174.8403 185.2956 14.93071743  5414
1 54228U 22147B   22345.55146933  .00004162  00000+0  40425-3 0  9999
2 54228  97.6514 347.2649 0013342 172.9164 187.2247 14.93076625  5495
1 54228U 22147B   22345.88655659  .00004186  00000+0  40656-3 0  9997
2 54228  97.6514 347.5908 0013381 171.7331 188.4112 14.93079268  5548
1 54228U 22147B   22346.02059120  .00004220  00000+0  40973-3 0  9996
2 54228  97.6515 347.7211 0013393 171.2595 188.8861 14.93080560  5562
1 54228U 22147B   22346.48971153  .00004116  00000+0  39974-3 0  9998
2 54228  97.6517 348.1774 0013445 169.6037 190.5463 14.93084454  5635
1 54228U 22147B   22346.82479661  .00004154  00000+0  40336-3 0  9999
2 54228  97.6518 348.5033 0013482 168.4450 191.7082 14.93087407  5681
1 54228U 22147B   22347.29391450  .00004568  00000+0  44292-3 0  9994
2 54228  97.6521 348.9596 0013490 166.7896 193.3679 14.93092678  5751
1 54228U 22147B   22347.49496470  .00004232  00000+0  41072-3 0  9995
2 54228  97.6521 349.1551 0013506 166.0964 194.0630 14.93093805  5783
1 54228U 22147B   22347.76303097  .00004367  00000+0  42365-3 0  9992
2 54228  97.6522 349.4159 0013520 165.1681 194.9938 14.93096562  5821
1 54228U 22147B   22348.43319488  .00004376  00000+0  42446-3 0  9998
2 54228  97.6525 350.0677 0013566 162.9717 197.1960 14.93103121  5923
1 54228U 22147B   22348.83529162  .00004405  00000+0  42721-3 0  9993
2 54228  97.6526 350.4589 0013604 161.6888 198.4824 14.93107089  5984
1 54228U 22147B   22349.57246601  .00004610  00000+0  44671-3 0  9993
2 54228  97.6526 351.1760 0013677 159.3656 200.8118 14.93115143  6097
1 54228U 22147B   22349.84052862  .00004492  00000+0  43537-3 0  9995
2 54228  97.6526 351.4369 0013699 158.5774 201.6022 14.93117440  6131
1 54228U 22147B   22349.97455975  .00004219  00000+0  40928-3 0  9999
2 54228  97.6526 351.5673 0013701 158.1654 202.0152 14.93118209  6152
1 54228U 22147B   22350.57769814  .00004085  00000+0  39633-3 0  9999
2 54228  97.6526 352.1540 0013743 156.3329 203.8526 14.93124014  6242
1 54228U 22147B   22351.04680451  .00003772  00000+0  36634-3 0  9991
2 54228  97.6525 352.6103 0013766 154.9509 205.2382 14.93127710  6310
1 54228U 22147B   22351.51590958  .00003697  00000+0  35916-3 0  9993
2 54228  97.6524 353.0667 0013772 153.4955 206.6972 14.93131847  6388
1 54228U 22147B   22351.78396923  .00003509  00000+0  34119-3 0  9994
2 54228  97.6523 353.3275 0013789 152.7145 207.4802 14.93133533  6426
1 54228U 22147B   22352.45411720  .00003397  00000+0  33038-3 0  9996
2 54228  97.6522 353.9793 0013818 150.7448 209.4549 14.93138304  6525
1 54228U 22147B   22352.72217574  .00003436  00000+0  33409-3 0  9993
2 54228  97.6520 354.2400 0013838 149.9591 210.2425 14.93140185  6560
1 54228U 22147B   22353.32530595  .00003905  00000+0  37889-3 0  9998
2 54228  97.6518 354.8266 0013885 148.2097 211.9964 14.93145669  6656
1 54228U 22147B   22353.72739147  .00004315  00000+0  41805-3 0  9995
2 54228  97.6516 355.2177 0013903 146.9925 213.2165 14.93149677  6714
1 54228U 22147B   22354.46454647  .00004334  00000+0  41984-3 0  9995
2 54228  97.6513 355.9347 0013956 144.7857 215.4288 14.93155452  6825
1 54228U 22147B   22354.73260212  .00004406  00000+0  42669-3 0  9999
2 54228  97.6512 356.1954 0013983 143.9722 216.2443 14.93157597  6861
1 54228U 22147B   22355.46975250  .00004340  00000+0  42025-3 0  9998
2 54228  97.6510 356.9123 0014047 141.7205 218.5015 14.93163992  6977
1 54228U 22147B   22356.47495320  .00003692  00000+0  35826-3 0  9995
2 54228  97.6508 357.8899 0014159 138.5250 221.7047 14.93170899  7125
1 54228U 22147B   22356.87703204  .00004218  00000+0  40854-3 0  9994
2 54228  97.6508 358.2809 0014211 137.2652 222.9676 14.93175153  7187
1 54228U 22147B   22357.01105802  .00004333  00000+0  41950-3 0  9997
2 54228  97.6508 358.4112 0014231 136.8402 223.3936 14.93176607  7208
1 54228U 22147B   22357.27910982  .00004063  00000+0  39367-3 0  9997
2 54228  97.6508 358.6719 0014266 135.9656 224.2703 14.93178123  7243
1 54228U 22147B   22357.74819989  .00003764  00000+0  36507-3 0  9994
2 54228  97.6509 359.1281 0014326 134.4682 225.7712 14.93180923  7319
1 54228U 22147B   22358.28430118  .00004112  00000+0  39828-3 0  9994
2 54228  97.6510 359.6495 0014391 132.7239 227.5195 14.93185935  7395
1 54228U 22147B   22358.48533868  .00004127  00000+0  39962-3 0  9997
2 54228  97.6511 359.8450 0014413 132.0794 228.1654 14.93187698  7422
1 54228U 22147B   22358.88741341  .00004037  00000+0  39099-3 0  9999
2 54228  97.6512   0.2361 0014450 130.7968 229.4508 14.93190382  7482
1 54228U 22147B   22359.08845028  .00004095  00000+0  39652-3 0  9998
2 54228  97.6513   0.4316 0014470 130.1605 230.0885 14.93192197  7515
1 54228U 22147B   22359.75857197  .00003728  00000+0  36148-3 0  9991
2 54228  97.6515   1.0834 0014542 128.0171 232.2364 14.93196488  7617
1 54228U 22147B   22359.82558387  .00003455  00000+0  33543-3 0  9991
2 54228  97.6516   1.1486 0014540 127.7735 232.4805 14.93196519  7620
1 54228U 22147B   22360.09363183  .00003373  00000+0  32752-3 0  9990
2 54228  97.6517   1.4094 0014555 126.8857 233.3699 14.93198446  7666
1 54228U 22147B   22360.76374959  .00004260  00000+0  41216-3 0  9998
2 54228  97.6520   2.0612 0014604 124.7639 235.4957 14.93205769  7761
1 54228U 22147B   22361.43386389  .00004841  00000+0  46749-3 0  9994
2 54228  97.6523   2.7131 0014644 122.6614 237.6021 14.93213398  7865
1 54228U 22147B   22361.76891987  .00004897  00000+0  47285-3 0  9992
2 54228  97.6524   3.0390 0014650 121.6007 238.6644 14.93216659  7910
1 54228U 22147B   22361.83593109  .00005029  00000+0  48540-3 0  9998
2 54228  97.6524   3.1042 0014650 121.3986 238.8669 14.93217535  7922
1 54228U 22147B   22362.43902990  .00004059  00000+0  39279-3 0  9998
2 54228  97.6526   3.6909 0014680 119.6528 240.6156 14.93221383  8015
1 54228U 22147B   22362.84109456  .00003554  00000+0  34462-3 0  9997
2 54228  97.6526   4.0821 0014677 118.4415 241.8286 14.93224033  8079
1 54228U 22147B   22363.24315863  .00003534  00000+0  34270-3 0  9998
2 54228  97.6527   4.4733 0014671 117.1834 243.0883 14.93227514  8132
1 54228U 22147B   22364.51635489  .00004003  00000+0  38729-3 0  9993
2 54228  97.6526   5.7120 0014658 113.4642 246.8120 14.93239359  8322
1 54228U 22147B   22365.52150309  .00004353  00000+0  42059-3 0  9997
2 54228  97.6524   6.6900 0014633 110.6181 249.6610 14.93248521  8478
1 54228U 22147B   22365.78954165  .00004432  00000+0  42806-3 0  9995
2 54228  97.6523   6.9508 0014616 109.7779 250.5018 14.93250874  8519
1 54228U 22147B   23001.52664518  .00004348  00000+0  42001-3 0  9998
2 54228  97.6521   7.6679 0014611 107.6805 252.6011 14.93257498  8623
1 54228U 22147B   23001.99570948  .00004294  00000+0  41482-3 0  9994
2 54228  97.6519   8.1243 0014592 106.3124 253.9702 14.93261616  8696
1 54228U 22147B   23002.53178145  .00003855  00000+0  37291-3 0  9993
2 54228  97.6516   8.6458 0014604 104.7730 255.5109 14.93265312  8770
1 54228U 22147B   23002.86682576  .00003846  00000+0  37208-3 0  9995
2 54228  97.6515   8.9717 0014633 103.7691 256.5159 14.93267869  8828
1 54228U 22147B   23003.26887808  .00004402  00000+0  42503-3 0  9998
2 54228  97.6514   9.3628 0014647 102.6337 257.6522 14.93272387  8886
1 54228U 22147B   23003.46990386  .00004504  00000+0  43468-3 0  9990
2 54228  97.6514   9.5584 0014656 102.0597 258.2266 14.93274361  8911
1 54228U 22147B   23004.54203684  .00005480  00000+0  52752-3 0  9998
2 54228  97.6509  10.6013 0014727  98.9259 261.3629 14.93286008  9079
1 54228U 22147B   23004.74306081  .00005637  00000+0  54237-3 0  9999
2 54228  97.6509  10.7969 0014743  98.3725 261.9167 14.93288205  9108
1 54228U 22147B   23005.48014693  .00005055  00000+0  48689-3 0  9994
2 54228  97.6509  11.5138 0014803  96.1722 264.1185 14.93294010  9213
1 54228U 22147B   23005.74817685  .00005392  00000+0  51896-3 0  9993
2 54228  97.6510  11.7746 0014819  95.4086 264.8825 14.93297618  9253
1 54228U 22147B   23006.28423456  .00006090  00000+0  58522-3 0  9991
2 54228  97.6510  12.2961 0014872  93.8771 266.4150 14.93305656  9330
1 54228U 22147B   23006.88729699  .00005896  00000+0  56673-3 0  9993
2 54228  97.6511  12.8828 0014920  92.0929 268.1999 14.93312801  9429
1 54228U 22147B   23007.28933697  .00006237  00000+0  59909-3 0  9998
2 54228  97.6512  13.2739 0014942  90.8791 269.4141 14.93318167  9483
1 54228U 22147B   23007.75838187  .00006334  00000+0  60820-3 0  9990
2 54228  97.6514  13.7302 0014974  89.5117 270.7819 14.93324149  9550
1 54228U 22147B   23008.42844294  .00005848  00000+0  56183-3 0  9997
2 54228  97.6516  14.3821 0015004  87.4988 272.7949 14.93331375  9659
1 54228U 22147B   23008.83047756  .00006092  00000+0  58496-3 0  9991
2 54228  97.6517  14.7732 0015013  86.3245 273.9692 14.93336863  9711
1 54228U 22147B   23009.43352707  .00005989  00000+0  57510-3 0  9993
2 54228  97.6519  15.3599 0015015  84.4654 275.8279 14.93344195  9805
1 54228U 22147B   23009.90256337  .00005984  00000+0  57452-3 0  9997
2 54228  97.6522  15.8163 0015013  83.0268 277.2659 14.93350152  9870
1 54228U 22147B   23010.50560711  .00005579  00000+0  53589-3 0  9996
2 54228  97.6524  16.4031 0014978  81.2474 279.0441 14.93357167  9963
1 54228U 22147B   23010.84063018  .00006525  00000+0  62574-3 0  9997
2 54228  97.6525  16.7291 0014961  80.2216 280.0693 14.93363077 10016
1 54228U 22147B   23011.51067310  .00006351  00000+0  60907-3 0  9996
2 54228  97.6527  17.3811 0014912  78.1490 282.1401 14.93371446 10119
1 54228U 22147B   23012.78374363  .00006011  00000+0  57655-3 0  9994
2 54228  97.6529  18.6200 0014792  74.3084 285.9767 14.93387465 10305
1 54228U 22147B   23012.91775015  .00006487  00000+0  62171-3 0  9994
2 54228  97.6529  18.7505 0014776  73.8998 286.3847 14.93390272 10320
1 54228U 22147B   23013.52077744  .00006781  00000+0  64953-3 0  9993
2 54228  97.6528  19.3373 0014715  72.1035 288.1788 14.93399130 10412
1 54228U 22147B   23013.72178583  .00006740  00000+0  64557-3 0  9993
2 54228  97.6528  19.5330 0014692  71.4655 288.8160 14.93401526 10448
1 54228U 22147B   23014.25780549  .00008717  00000+0  83295-3 0  9999
2 54228  97.6528  20.0547 0014638  69.8738 290.4055 14.93412838 10527
1 54228U 22147B   23015.53083938  .00008814  00000+0  84174-3 0  9994
2 54228  97.6526  21.2937 0014549  66.1197 294.1546 14.93434517 10716
1 54228U 22147B   23015.93284568  .00011111  00000+0  10590-2 0  9994
2 54228  97.6525  21.6850 0014536  64.9936 295.2791 14.93445365 10779
1 54228U 22147B   23016.53585032  .00010056  00000+0  95882-3 0  9996
2 54228  97.6524  22.2719 0014502  63.2751 296.9952 14.93456845 10861
1 54228U 22147B   23016.73685095  .00009661  00000+0  92136-3 0  9997
2 54228  97.6523  22.4674 0014514  62.7491 297.5206 14.93459811 10898
1 54228U 22147B   23017.27285031  .00008089  00000+0  77236-3 0  9990
2 54228  97.6521  22.9891 0014496  61.2872 298.9803 14.93467875 10974
1 54228U 22147B   23017.94284477  .00007690  00000+0  73436-3 0  9992
2 54228  97.6520  23.6411 0014493  59.4464 300.8184 14.93479267 11077
1 54228U 22147B   23018.54583543  .00009697  00000+0  92403-3 0  9999
2 54228  97.6518  24.2279 0014493  57.7953 302.4670 14.93492595 11164
1 54228U 22147B   23018.88082833  .00009875  00000+0  94076-3 0  9998
2 54228  97.6518  24.5539 0014487  56.8632 303.3976 14.93498505 11215
1 54228U 22147B   23019.01482494  .00010119  00000+0  96378-3 0  9991
2 54228  97.6517  24.6843 0014482  56.4805 303.7796 14.93501560 11238
1 54228U 22147B   23019.48381199  .00009225  00000+0  87897-3 0  9994
2 54228  97.6517  25.1409 0014499  55.1475 305.1107 14.93508682 11301
1 54228U 22147B   23020.48877445  .00009260  00000+0  88189-3 0  9994
2 54228  97.6515  26.1188 0014487  52.3954 307.8578 14.93527443 11455
1 54228U 22147B   23021.56072040  .00010434  00000+0  99236-3 0  9992
2 54228  97.6516  27.1620 0014476  49.3129 310.9346 14.93549190 11615
1 54228U 22147B   23022.76664169  .00009356  00000+0  89001-3 0  9994
2 54228  97.6520  28.3356 0014411  45.7081 314.5319 14.93570638 11795
1 54228U 22147B   23023.77156211  .00008584  00000+0  81675-3 0  9991
2 54228  97.6524  29.3138 0014336  42.5802 317.6527 14.93588237 11946
1 54228U 22147B   23024.77647076  .00007884  00000+0  75043-3 0  9990
2 54228  97.6528  30.2920 0014183  39.4790 320.7460 14.93604549 12094
1 54228U 22147B   23025.58039087  .00006764  00000+0  64446-3 0  9998
2 54228  97.6532  31.0747 0014149  36.6294 323.5890 14.93615192 12213
1 54228U 22147B   23025.78136999  .00006964  00000+0  66330-3 0  9996
2 54228  97.6532  31.2703 0014105  35.9690 324.2477 14.93618031 12248
1 54228U 22147B   23026.58528270  .00006971  00000+0  66379-3 0  9993
2 54228  97.6533  32.0530 0013998  33.3041 326.9057 14.93629169 12367
1 54228U 22147B   23026.92024471  .00006816  00000+0  64912-3 0  9994
2 54228  97.6531  32.3791 0013932  32.2204 327.9865 14.93633271 12417
1 54228U 22147B   23027.59016627  .00006085  00000+0  58002-3 0  9993
2 54228  97.6532  33.0314 0013849  29.9880 330.2130 14.93640587 12518
1 54228U 22147B   23027.79114206  .00006138  00000+0  58498-3 0  9995
2 54228  97.6532  33.2271 0013824  29.3049 330.8944 14.93642896 12543
1 54228U 22147B   23027.99211754  .00005956  00000+0  56786-3 0  9998
2 54228  97.6532  33.4229 0013784  28.6270 331.5704 14.93645181 12576
1 54228U 22147B   23028.52805081  .00005299  00000+0  50572-3 0  9997
2 54228  97.6531  33.9447 0013757  26.9547 333.2385 14.93650128 12650
1 54228U 22147B   23028.79601668  .00005217  00000+0  49795-3 0  9996
2 54228  97.6531  34.2057 0013724  26.0919 334.0989 14.93652893 12693
1 54228U 22147B   23029.26495559  .00004999  00000+0  47736-3 0  9998
2 54228  97.6530  34.6623 0013674  24.6033 335.5837 14.93657656 12768
1 54228U 22147B   23029.80088406  .00004712  00000+0  45024-3 0  9998
2 54228  97.6530  35.1842 0013590  22.9178 337.2646 14.93662832 12843
1 54228U 22147B   23030.26982001  .00004491  00000+0  42932-3 0  9993
2 54228  97.6529  35.6407 0013549  21.5085 338.6702 14.93667120 12910
1 54228U 22147B   23030.47079208  .00004509  00000+0  43100-3 0  9990
2 54228  97.6528  35.8365 0013528  20.8871 339.2899 14.93669313 12949
1 54228U 22147B   23030.93972600  .00004515  00000+0  43152-3 0  9993
2 54228  97.6527  36.2931 0013478  19.5112 340.6621 14.93673946 13014
1 54228U 22147B   23031.27467795  .00004837  00000+0  46191-3 0  9998
2 54228  97.6526  36.6192 0013449  18.5247 341.6460 14.93677615 13066
1 54228U 22147B   23031.47564878  .00004909  00000+0  46861-3 0  9994
2 54228  97.6526  36.8149 0013434  17.9562 342.2130 14.93679795 13092
1 54228U 22147B   23031.94457947  .00005259  00000+0  50159-3 0  9998
2 54228  97.6525  37.2714 0013379  16.6063 343.5593 14.93685198 13163
1 54228U 22147B   23032.48049839  .00005219  00000+0  49776-3 0  9994
2 54228  97.6524  37.7931 0013343  15.0912 345.0704 14.93690607 13246
1 54228U 22147B   23032.54748809  .00005089  00000+0  48550-3 0  9998
2 54228  97.6525  37.8583 0013342  14.8723 345.2887 14.93691126 13259
1 54228U 22147B   23033.55232943  .00005557  00000+0  52950-3 0  9996
2 54228  97.6523  38.8367 0013235  11.9570 348.1962 14.93703136 13405
1 54228U 22147B   23033.95426378  .00005278  00000+0  50316-3 0  9991
2 54228  97.6523  39.2280 0013198  10.7857 349.3644 14.93707267 13462
1 54228U 22147B   23034.49017408  .00005936  00000+0  56506-3 0  9999
2 54228  97.6524  39.7498 0013152   9.1860 350.9598 14.93714798 13547
1 54228U 22147B   23035.16005824  .00006452  00000+0  61349-3 0  9998
2 54228  97.6526  40.4020 0013086   7.1341 353.0063 14.93724124 13643
1 54228U 22147B   23035.56198676  .00006512  00000+0  61911-3 0  9992
2 54228  97.6526  40.7934 0013061   5.8844 354.2527 14.93729610 13706
1 54228U 22147B   23035.89692620  .00006064  00000+0  57681-3 0  9997
2 54228  97.6527  41.1195 0013018   4.8729 355.2616 14.93733149 13751
1 54228U 22147B   23036.56680203  .00006230  00000+0  59232-3 0  9995
2 54228  97.6528  41.7718 0012959   2.6837 357.4450 14.93742327 13857
1 54228U 22147B   23036.90173837  .00006028  00000+0  57333-3 0  9998
2 54228  97.6529  42.0979 0012921   1.5678 358.5580 14.93746471 13907
1 54228U 22147B   23037.57160782  .00007032  00000+0  66759-3 0  9995
2 54228  97.6530  42.7502 0012860 359.2324   0.8874 14.93757473 14000
1 54228U 22147B   23037.90654077  .00007303  00000+0  69308-3 0  9991
2 54228  97.6531  43.0763 0012814 358.0366   2.0802 14.93762750 14050
1 54228U 22147B   23038.57640249  .00008424  00000+0  79820-3 0  9996
2 54228  97.6532  43.7287 0012747 355.6570   4.4538 14.93775316 14159
1 54228U 22147B   23038.91133125  .00008751  00000+0  82889-3 0  9996
2 54228  97.6532  44.0549 0012711 354.4045   5.7031 14.93781640 14204
1 54228U 22147B   23039.24625838  .00008913  00000+0  84390-3 0  9999
2 54228  97.6533  44.3811 0012713 353.2714   6.8333 14.93788292 14254
1 54228U 22147B   23039.58118396  .00009693  00000+0  91710-3 0  9992
2 54228  97.6534  44.7073 0012669 351.9613   8.1402 14.93796145 14306
1 54228U 22147B   23039.91610800  .00010118  00000+0  95687-3 0  9997
2 54228  97.6534  45.0334 0012612 350.5991   9.4991 14.93803472 14356
1 54228U 22147B   23040.25103038  .00010266  00000+0  97058-3 0  9994
2 54228  97.6534  45.3595 0012578 349.3467  10.7485 14.93810311 14402
1 54228U 22147B   23040.45198313  .00010265  00000+0  97035-3 0  9990
2 54228  97.6534  45.5552 0012551 348.5400  11.5533 14.93814713 14432
1 54228U 22147B   23040.78690305  .00010879  00000+0  10278-2 0  9998
2 54228  97.6536  45.8815 0012525 347.2918  12.7985 14.93822325 14487
1 54228U 22147B   23041.45673770  .00011715  00000+0  11058-2 0  9997
2 54228  97.6536  46.5340 0012455 344.7160  15.3683 14.93838247 14586
1 54228U 22147B   23041.79165277  .00011557  00000+0  10908-2 0  9999
2 54228  97.6537  46.8603 0012424 343.5869  16.4947 14.93845113 14632
1 54228U 22147B   23042.26053027  .00012753  00000+0  12026-2 0  9993
2 54228  97.6538  47.3170 0012371 341.8323  18.2453 14.93857655 14709
1 54228U 22147B   23042.72940436  .00012045  00000+0  11360-2 0  9997
2 54228  97.6538  47.7738 0012296 340.0934  19.9805 14.93868311 14775
1 54228U 22147B   23043.46619919  .00011796  00000+0  11122-2 0  9996
2 54228  97.6538  48.4916 0012190 337.4372  22.6311 14.93886363 14882
1 54228U 22147B   23043.73412234  .00012730  00000+0  11994-2 0  9993
2 54228  97.6539  48.7526 0012142 336.4783  23.5880 14.93893784 14926
1 54228U 22147B   23044.26996534  .00011516  00000+0  10854-2 0  9997
2 54228  97.6539  49.2746 0012068 334.6507  25.4120 14.93905269 15007
1 54228U 22147B   23044.73882451  .00011406  00000+0  10749-2 0  9992
2 54228  97.6540  49.7314 0011984 333.0188  27.0408 14.93916061 15075
1 54228U 22147B   23045.00674242  .00011605  00000+0  10933-2 0  9996
2 54228  97.6539  49.9924 0011948 332.1423  27.9156 14.93922986 15111
1 54228U 22147B   23045.74351183  .00011815  00000+0  11126-2 0  9991
2 54228  97.6538  50.7101 0011810 329.7326  30.3211 14.93938893 15225
1 54228U 22147B   23046.54725089  .00013739  00000+0  12919-2 0  9998
2 54228  97.6537  51.4931 0011692 327.0483  33.0007 14.93959253 15345
1 54228U 22147B   23046.81516148  .00014095  00000+0  13250-2 0  9997
2 54228  97.6537  51.7540 0011622 326.2198  33.8281 14.93966030 15388
1 54228U 22147B   23046.88213900  .00014051  00000+0  13208-2 0  9999
2 54228  97.6537  51.8193 0011618 325.9948  34.0526 14.93967681 15396
1 54228U 22147B   23047.55190878  .00013891  00000+0  13053-2 0  9991
2 54228  97.6535  52.4718 0011512 323.7552  36.2888 14.93985480 15497
1 54228U 22147B   23047.95376649  .00013249  00000+0  12450-2 0  9994
2 54228  97.6535  52.8633 0011458 322.3327  37.7090 14.93996324 15558
1 54228U 22147B   23048.02074247  .00013175  00000+0  12380-2 0  9992
2 54228  97.6535  52.9286 0011448 322.1084  37.9329 14.93998179 15568
1 54228U 22147B   23048.89142595  .00008880  00000+0  83634-3 0  9997
2 54228  97.6534  53.7768 0011354 319.1339  40.9029 14.94013229 15696
1 54228U 22147B   23048.95840110  .00008914  00000+0  83949-3 0  9999
2 54228  97.6534  53.8421 0011350 318.8783  41.1581 14.94014906 15709
1 54228U 22147B   23049.42722653  .00008503  00000+0  80095-3 0  9996
2 54228  97.6534  54.2988 0011304 317.2711  42.7630 14.94022770 15772
1 54228U 22147B   23050.43184421  .00008009  00000+0  75441-3 0  9994
2 54228  97.6535  55.2775 0011224 313.6320  46.3969 14.94039063 15920
1 54228U 22147B   23050.56579255  .00007423  00000+0  69971-3 0  9991
2 54228  97.6536  55.4080 0011220 313.1766  46.8516 14.94040179 15942
1 54228U 22147B   23051.57039853  .00007164  00000+0  67519-3 0  9996
2 54228  97.6537  56.3869 0011165 309.3237  50.6993 14.94055361 16094
1 54228U 22147B   23051.97223806  .00006966  00000+0  65661-3 0  9998
2 54228  97.6537  56.7784 0011149 307.7292  52.2917 14.94061146 16158
1 54228U 22147B   23052.50802154  .00007292  00000+0  68690-3 0  9995
2 54228  97.6539  57.3004 0011105 305.4828  54.5355 14.94069904 16234
1 54228U 22147B   23052.77591204  .00007495  00000+0  70586-3 0  9997
2 54228  97.6540  57.5615 0011110 304.4079  55.6090 14.94074182 16275
1 54228U 22147B   23052.97682942  .00007885  00000+0  74214-3 0  9994
2 54228  97.6540  57.7573 0011114 303.6275  56.3884 14.94078205 16306
1 54228U 22147B   23053.51260750  .00006427  00000+0  60591-3 0  9998
2 54228  97.6542  58.2794 0011114 301.7616  58.2521 14.94084400 16388
1 54228U 22147B   23053.91443911  .00006829  00000+0  64331-3 0  9996
2 54228  97.6542  58.6710 0011139 300.0111  60.0004 14.94090854 16443
1 54228U 22147B   23054.24929770  .00007160  00000+0  67415-3 0  9990
2 54228  97.6544  58.9974 0011144 298.6854  61.3246 14.94096167 16492
1 54228U 22147B   23054.51718381  .00006741  00000+0  63500-3 0  9999
2 54228  97.6544  59.2585 0011143 297.6315  62.3774 14.94099543 16537
1 54228U 22147B   23054.71809803  .00006659  00000+0  62727-3 0  9999
2 54228  97.6544  59.4543 0011150 296.8582  63.1498 14.94101896 16568
1 54228U 22147B   23055.25386724  .00007229  00000+0  68038-3 0  9996
2 54228  97.6545  59.9766 0011166 294.6640  65.3417 14.94110358 16646
1 54228U 22147B   23055.52175105  .00006005  00000+0  56615-3 0  9994
2 54228  97.6545  60.2377 0011170 293.5777  66.4270 14.94112321 16688
1 54228U 22147B   23055.92357558  .00005726  00000+0  54003-3 0  9990
2 54228  97.6545  60.6293 0011168 292.0029  68.0004 14.94117134 16747
1 54228U 22147B   23056.25842828  .00005981  00000+0  56374-3 0  9992
2 54228  97.6545  60.9558 0011162 290.6079  69.3944 14.94121801 16795
1 54228U 22147B   23056.52630990  .00005817  00000+0  54835-3 0  9995
2 54228  97.6545  61.2169 0011158 289.5357  70.4658 14.94125053 16831
1 54228U 22147B   23056.79419090  .00006029  00000+0  56809-3 0  9999
2 54228  97.6545  61.4780 0011152 288.4847  71.5161 14.94128367 16874
1 54228U 22147B   23057.46388989  .00007858  00000+0  73851-3 0  9993
2 54228  97.6545  62.1308 0011149 285.7417  74.2573 14.94140488 16973
1 54228U 22147B   23057.73176828  .00008252  00000+0  77506-3 0  9990
2 54228  97.6545  62.3918 0011135 284.6833  75.3153 14.94144653 17017
1 54228U 22147B   23058.46842865  .00011150  00000+0  10446-2 0  9992
2 54228  97.6544  63.1099 0011092 281.6903  78.3072 14.94162088 17129
1 54228U 22147B   23058.73629990  .00021143  00000+0  19721-2 0  9992
2 54228  97.6544  63.3710 0011074 280.6587  79.3386 14.94185840 17162
1 54228U 22147B   23058.80327127  .00013166  00000+0  12319-2 0  9999
2 54228  97.6544  63.4362 0011061 280.3203  79.6770 14.94171016 17175
1 54228U 22147B   23059.53991814  .00010262  00000+0  96135-3 0  9993
2 54228  97.6543  64.1542 0010998 277.3907  82.6063 14.94186943 17283
1 54228U 22147B   23059.94172252  .00008048  00000+0  75515-3 0  9993
2 54228  97.6542  64.5458 0010960 275.7353  84.2618 14.94193533 17342
1 54228U 22147B   23060.87925869  .00007934  00000+0  74432-3 0  9997
2 54228  97.6539  65.4597 0010853 271.9549  88.0428 14.94210345 17485
1 54228U 22147B   23061.01319146  .00008003  00000+0  75061-3 0  9996
2 54228  97.6539  65.5902 0010850 271.4143  88.5834 14.94213162 17507
1 54228U 22147B   23061.81678469  .00008800  00000+0  82445-3 0  9999
2 54228  97.6538  66.3737 0010798 268.2249  91.7734 14.94227614 17628
1 54228U 22147B   23062.28554296  .00011275  00000+0  10542-2 0  9990
2 54228  97.6538  66.8306 0010771 266.3363  93.6625 14.94240672 17698
1 54228U 22147B   23062.48643840  .00011242  00000+0  10510-2 0  9995
2 54228  97.6538  67.0264 0010756 265.5456  94.4536 14.94244973 17723
1 54228U 22147B   23062.88822749  .00012191  00000+0  11389-2 0  9995
2 54228  97.6538  67.4180 0010742 264.0102  95.9895 14.94254829 17782
1 54228U 22147B   23063.02215655  .00012175  00000+0  11373-2 0  9999
2 54228  97.6538  67.5485 0010729 263.4651  96.5348 14.94258038 17807
1 54228U 22147B   23063.49090545  .00013281  00000+0  12395-2 0  9993
2 54228  97.6539  68.0055 0010705 261.5727  98.4280 14.94271505 17871
1 54228U 22147B   23063.55786940  .00013485  00000+0  12584-2 0  9997
2 54228  97.6538  68.0707 0010692 261.2787  98.7222 14.94273047 17885
1 54228U 22147B   23064.22750370  .00013101  00000+0  12223-2 0  9995
2 54228  97.6539  68.7234 0010681 258.6912 101.3108 14.94289288 17985
1 54228U 22147B   23064.89712993  .00013800  00000+0  12865-2 0  9995
2 54228  97.6541  69.3761 0010695 256.0699 103.9332 14.94308050 18087
1 54228U 22147B   23065.83459225  .00013729  00000+0  12790-2 0  9993
2 54228  97.6543  70.2900 0010720 252.3870 107.6180 14.94334296 18223
1 54228U 22147B   23065.96851409  .00013521  00000+0  12597-2 0  9992
2 54228  97.6543  70.4205 0010728 251.8582 108.1470 14.94338103 18246
1 54228U 22147B   23066.77203836  .00014877  00000+0  13844-2 0  9998
2 54228  97.6545  71.2040 0010764 248.7607 111.2464 14.94361482 18364
1 54228U 22147B   23066.97291745  .00013551  00000+0  12615-2 0  9999
2 54228  97.6545  71.3998 0010804 248.1022 111.9050 14.94365920 18399
1 54228U 22147B   23067.44163299  .00012364  00000+0  11513-2 0  9991
2 54228  97.6545  71.8569 0010837 246.3846 113.6237 14.94376842 18467
1 54228U 22147B   23068.24513619  .00012796  00000+0  11907-2 0  9991
2 54228  97.6546  72.6404 0010934 243.3389 116.6712 14.94397946 18584
1 54228U 22147B   23068.91471338  .00014356  00000+0  13342-2 0  9995
2 54228  97.6547  73.2934 0011052 240.8805 119.1310 14.94418182 18686
1 54228U 22147B   23069.24949870  .00014345  00000+0  13328-2 0  9995
2 54228  97.6547  73.6199 0011098 239.5900 120.4224 14.94427402 18734
1 54228U 22147B   23069.78515147  .00011740  00000+0  10918-2 0  9998
2 54228  97.6548  74.1423 0011186 237.6058 122.4080 14.94439081 18819
1 54228U 22147B   23070.45471006  .00013032  00000+0  12105-2 0  9995
2 54228  97.6548  74.7954 0011284 235.2072 124.8087 14.94458440 18917
1 54228U 22147B   23070.58862111  .00011339  00000+0  10542-2 0  9991
2 54228  97.6548  74.9259 0011298 234.6555 125.3610 14.94459682 18930
1 54228U 22147B   23071.45903570  .00011194  00000+0  10402-2 0  9997
2 54228  97.6549  75.7749 0011400 231.1686 128.8518 14.94479864 19060
1 54228U 22147B   23071.79380748  .00011005  00000+0  10226-2 0  9995
2 54228  97.6550  76.1015 0011458 230.1514 129.8699 14.94486922 19115
1 54228U 22147B   23072.46334672  .00009262  00000+0  86134-3 0  9999
2 54228  97.6549  76.7545 0011522 227.6334 132.3912 14.94499480 19211
1 54228U 22147B   23072.93202076  .00009127  00000+0  84866-3 0  9993
2 54228  97.6550  77.2116 0011569 225.8234 134.2036 14.94508764 19284
1 54228U 22147B   23073.46764466  .00010596  00000+0  98392-3 0  9999
2 54228  97.6548  77.7340 0011672 223.4556 136.5745 14.94520627 19364
1 54228U 22147B   23073.73545522  .00010893  00000+0  10112-2 0  9992
2 54228  97.6548  77.9953 0011683 222.4334 137.5984 14.94526127 19403
1 54228U 22147B   23074.47192810  .00011887  00000+0  11023-2 0  9998
2 54228  97.6546  78.7136 0011682 219.4547 140.5824 14.94544409 19516
1 54228U 22147B   23074.94058767  .00011601  00000+0  10756-2 0  9998
2 54228  97.6546  79.1706 0011717 217.6389 142.4013 14.94556079 19581
1 54228U 22147B   23075.47619488  .00009628  00000+0  89358-3 0  9991
2 54228  97.6546  79.6929 0011730 215.5484 144.4956 14.94566265 19666
1 54228U 22147B   23075.87789794  .00009120  00000+0  84658-3 0  9998
2 54228  97.6544  80.0847 0011762 213.7090 146.3383 14.94573991 19723
1 54228U 22147B   23076.48044915  .00008015  00000+0  74458-3 0  9994
2 54228  97.6543  80.6725 0011796 211.4559 148.5957 14.94583527 19812
1 54228U 22147B   23076.88214771  .00008272  00000+0  76810-3 0  9996
2 54228  97.6542  81.0642 0011825 209.7960 150.2589 14.94590495 19872
1 54228U 22147B   23077.55164175  .00007858  00000+0  72981-3 0  9997
2 54228  97.6542  81.7172 0011867 207.1505 152.9096 14.94600895 19979
1 54228U 22147B   23077.95333577  .00007809  00000+0  72516-3 0  9995
2 54228  97.6542  82.1089 0011887 205.6622 154.4010 14.94607236 20034
1 54228U 22147B   23078.55587288  .00008643  00000+0  80169-3 0  9992
2 54228  97.6542  82.6966 0011929 203.4223 156.6456 14.94619102 20126
1 54228U 22147B   23078.89061411  .00008628  00000+0  80019-3 0  9991
2 54228  97.6542  83.0232 0011953 202.2148 157.8557 14.94624561 20172
1 54228U 22147B   23079.56009216  .00008382  00000+0  77731-3 0  9995
2 54228  97.6544  83.6762 0012007 199.7585 160.3172 14.94636303 20274
1 54228U 22147B   23080.49735169  .00008563  00000+0  79360-3 0  9993
2 54228  97.6544  84.5906 0012133 196.3022 163.7810 14.94654169 20415
1 54228U 22147B   23080.56429840  .00008552  00000+0  79257-3 0  9990
2 54228  97.6544  84.6559 0012139 196.0691 164.0146 14.94655337 20420
1 54228U 22147B   23080.89903082  .00009068  00000+0  83984-3 0  9996
2 54228  97.6545  84.9824 0012156 195.0340 165.0521 14.94662501 20472
1 54228U 22147B   23081.83627394  .00008985  00000+0  83181-3 0  9996
2 54228  97.6548  85.8969 0012273 191.8578 168.2356 14.94680718 20619
1 54228U 22147B   23081.90321944  .00008906  00000+0  82449-3 0  9995
2 54228  97.6548  85.9622 0012279 191.6434 168.4505 14.94681977 20628
1 54228U 22147B   23082.57267164  .00009282  00000+0  85879-3 0  9990
2 54228  97.6550  86.6155 0012337 189.5373 170.5615 14.94695316 20722
1 54228U 22147B   23082.84045011  .00011963  00000+0  11046-2 0  9998
2 54228  97.6550  86.8768 0012398 188.6026 171.4984 14.94705152 20769
1 54228U 22147B   23082.90739468  .00012006  00000+0  11085-2 0  9993
2 54228  97.6550  86.9422 0012378 188.3855 171.7160 14.94706770 20779
1 54228U 22147B   23083.24211480  .00039585  00000+0  36252-2 0  9994
2 54228  97.6553  87.2687 0012347 187.4928 172.6110 14.94746460 20827
1 54228U 22147B   23083.50989046  .00015834  00000+0  14588-2 0  9992
2 54228  97.6553  87.5300 0012403 186.6998 173.4059 14.94726788 20869
1 54228U 22147B   23083.57683392  .00015764  00000+0  14523-2 0  9995
2 54228  97.6553  87.5953 0012414 186.4948 173.6114 14.94728754 20878
1 54228U 22147B   23083.91155124  .00010961  00000+0  10120-2 0  9993
2 54228  97.6554  87.9219 0012472 185.4364 174.6723 14.94732065 20926
1 54228U 22147B   23084.51403754  .00009418  00000+0  87008-3 0  9990
2 54228  97.6554  88.5099 0012550 183.6594 176.4537 14.94745002 21010
1 54228U 22147B   23084.91569265  .00009202  00000+0  85009-3 0  9994
2 54228  97.6555  88.9017 0012605 182.5031 177.6128 14.94752536 21075
1 54228U 22147B   23085.51817229  .00007987  00000+0  73850-3 0  9996
2 54228  97.6553  89.4898 0012660 180.7848 179.3355 14.94761376 21166
1 54228U 22147B   23085.91982329  .00007936  00000+0  73372-3 0  9997
2 54228  97.6554  89.8818 0012710 179.6104 180.5129 14.94767765 21229
1 54228U 22147B   23086.52229673  .00007577  00000+0  70064-3 0  9997
2 54228  97.6553  90.4697 0012781 177.8066 182.3213 14.94776657 21310
1 54228U 22147B   23086.58923803  .00007579  00000+0  70076-3 0  9994
2 54228  97.6553  90.5350 0012790 177.6074 182.5210 14.94777574 21323
1 54228U 22147B   23086.92394340  .00008355  00000+0  77182-3 0  9998
2 54228  97.6552  90.8616 0012833 176.6428 183.4881 14.94784108 21370
1 54228U 22147B   23087.52641022  .00008308  00000+0  76728-3 0  9990
2 54228  97.6552  91.4495 0012907 174.7675 185.3683 14.94793909 21467
1 54228U 22147B   23087.59335075  .00008319  00000+0  76828-3 0  9998
2 54228  97.6552  91.5148 0012914 174.5617 185.5746 14.94794909 21479
1 54228U 22147B   23087.72723164  .00008446  00000+0  77986-3 0  9990
2 54228  97.6551  91.6455 0012933 174.1413 185.9961 14.94797100 21492
1 54228U 22147B   23088.53051190  .00009806  00000+0  90400-3 0  9990
2 54228  97.6550  92.4293 0013052 171.5628 188.5815 14.94813587 21611
1 54228U 22147B   23088.73133076  .00010196  00000+0  93963-3 0  9997
2 54228  97.6549  92.6253 0013083 170.8948 189.2513 14.94817523 21648
1 54228U 22147B   23089.60153886  .00010810  00000+0  99532-3 0  9996
2 54228  97.6548  93.4744 0013228 167.9576 192.1964 14.94835976 21775
1 54228U 22147B   23090.60561128  .00011719  00000+0  10777-2 0  9992
2 54228  97.6542  94.4541 0013391 164.5464 195.6168 14.94858716 21923
1 54228U 22147B   23091.54273349  .00008866  00000+0  81663-3 0  9993
2 54228  97.6541  95.3685 0013517 161.2620 198.9101 14.94874592 22068
1 54228U 22147B   23091.74354416  .00009038  00000+0  83228-3 0  9991
2 54228  97.6541  95.5644 0013548 160.5672 199.6068 14.94877917 22095
1 54228U 22147B   23092.54678099  .00009055  00000+0  83343-3 0  9993
2 54228  97.6539  96.3483 0013673 157.7817 202.3999 14.94893375 22215
1 54228U 22147B   23092.81452498  .00008333  00000+0  76737-3 0  9993
2 54228  97.6538  96.6096 0013721 156.8745 203.3096 14.94896844 22258
1 54228U 22147B   23092.88146086  .00008340  00000+0  76798-3 0  9998
2 54228  97.6538  96.6750 0013727 156.6489 203.5357 14.94898097 22269
1 54228U 22147B   23093.48388101  .00008427  00000+0  77574-3 0  9990
2 54228  97.6538  97.2629 0013811 154.5994 205.5909 14.94909455 22359
1 54228U 22147B   23093.88549178  .00009133  00000+0  84003-3 0  9997
2 54228  97.6538  97.6548 0013847 153.2945 206.8991 14.94917808 22417
1 54228U 22147B   23094.48790419  .00009045  00000+0  83168-3 0  9993
2 54228  97.6539  98.2428 0013924 151.2978 208.9012 14.94929207 22505
1 54228U 22147B   23094.88951012  .00009043  00000+0  83141-3 0  9994
2 54228  97.6541  98.6344 0013956 149.8993 210.3032 14.94936444 22560
1 54228U 22147B   23095.55884875  .00008505  00000+0  78200-3 0  9993
2 54228  97.6543  99.2877 0014019 147.7086 212.4996 14.94948182 22666
1 54228U 22147B   23095.89351591  .00008863  00000+0  81455-3 0  9997
2 54228  97.6544  99.6144 0014040 146.6708 213.5399 14.94954755 22719
1 54228U 22147B   23096.49591409  .00007882  00000+0  72492-3 0  9999
2 54228  97.6546 100.2024 0014093 144.7362 215.4794 14.94963811 22803
1 54228U 22147B   23096.83057764  .00008163  00000+0  75041-3 0  9994
2 54228  97.6547 100.5291 0014139 143.7369 216.4813 14.94969954 22852
1 54228U 22147B   23096.96444276  .00008082  00000+0  74299-3 0  9990
2 54228  97.6547 100.6598 0014146 143.3069 216.9123 14.94972290 22872
1 54228U 22147B   23097.49990102  .00008295  00000+0  76215-3 0  9999
2 54228  97.6549 101.1825 0014185 141.6840 218.5392 14.94982132 22955
1 54228U 22147B   23098.03535614  .00007330  00000+0  67407-3 0  9995
2 54228  97.6549 101.7055 0014211 140.1270 220.0998 14.94989626 23032
1 54228U 22147B   23098.43694545  .00007317  00000+0  67273-3 0  9994
2 54228  97.6553 102.0976 0014164 138.8357 221.3935 14.94996432 23094
1 54228U 22147B   23099.24011909  .00007061  00000+0  64924-3 0  9997
2 54228  97.6554 102.8818 0014213 136.6009 223.6333 14.95008455 23214
1 54228U 22147B   23099.44091166  .00006164  00000+0  56748-3 0  9990
2 54228  97.6554 103.0778 0014225 136.0388 224.1967 14.95010148 23243
1 54228U 22147B   23099.57477321  .00005972  00000+0  54989-3 0  9996
2 54228  97.6554 103.2085 0014222 135.6586 224.5777 14.95011600 23267
1 54228U 22147B   23100.24407795  .00006917  00000+0  63589-3 0  9997
2 54228  97.6555 103.8620 0014220 133.8002 226.4398 14.95022328 23360
1 54228U 22147B   23100.44486858  .00006924  00000+0  63646-3 0  9998
2 54228  97.6555 104.0581 0014219 133.2363 227.0047 14.95025319 23395
1 54228U 22147B   23101.24802659  .00006655  00000+0  61175-3 0  9994
2 54228  97.6554 104.8423 0014223 131.0538 229.1914 14.95036621 23510
1 54228U 22147B   23101.51574431  .00007411  00000+0  68053-3 0  9991
2 54228  97.6554 105.1036 0014250 130.3694 229.8773 14.95042178 23557
1 54228U 22147B   23101.71653227  .00007451  00000+0  68414-3 0  9999
2 54228  97.6553 105.2996 0014246 129.8136 230.4342 14.95044995 23583
1 54228U 22147B   23102.51967994  .00006605  00000+0  60695-3 0  9990
2 54228  97.6549 106.0837 0014256 127.6404 232.6112 14.95056126 23708
1 54228U 22147B   23103.25589325  .00007095  00000+0  65136-3 0  9999
2 54228  97.6547 106.8024 0014256 125.6477 234.6074 14.95067243 23813
1 54228U 22147B   23103.72438977  .00007216  00000+0  66224-3 0  9991
2 54228  97.6546 107.2597 0014276 124.3402 235.9172 14.95074277 23883
1 54228U 22147B   23104.46059344  .00008338  00000+0  76404-3 0  9997
2 54228  97.6544 107.9783 0014295 122.3327 237.9280 14.95088027 23992
1 54228U 22147B   23104.92908282  .00009876  00000+0  90356-3 0  9992
2 54228  97.6541 108.4356 0014316 121.0414 239.2214 14.95098795 24062
1 54228U 22147B   23105.53142236  .00010015  00000+0  91584-3 0  9990
2 54228  97.6539 109.0235 0014364 119.3523 240.9135 14.95110560 24152
1 54228U 22147B   23105.73220106  .00010160  00000+0  92895-3 0  9992
2 54228  97.6537 109.2195 0014383 118.7873 241.4795 14.95114512 24181
1 54228U 22147B   23106.26760801  .00009954  00000+0  90994-3 0  9999
2 54228  97.6536 109.7421 0014426 117.2713 242.9979 14.95125347 24269
1 54228U 22147B   23106.53531015  .00010013  00000+0  91516-3 0  9991
2 54228  97.6534 110.0034 0014452 116.5199 243.7506 14.95131061 24301
1 54228U 22147B   23106.80301100  .00010333  00000+0  94406-3 0  9997
2 54228  97.6535 110.2647 0014466 115.8176 244.4539 14.95137042 24349
1 54228U 22147B   23107.47225933  .00010368  00000+0  94694-3 0  9997
2 54228  97.6533 110.9179 0014533 113.8126 246.4620 14.95150900 24444
1 54228U 22147B   23107.53918379  .00010382  00000+0  94813-3 0  9996
2 54228  97.6533 110.9832 0014535 113.5991 246.6758 14.95152331 24454
1 54228U 22147B   23107.73995686  .00010546  00000+0  96295-3 0  9992
2 54228  97.6533 111.1793 0014573 113.0626 247.2133 14.95156471 24481
1 54228U 22147B   23108.47611988  .00010107  00000+0  92274-3 0  9990
2 54228  97.6533 111.8979 0014634 110.8447 249.4342 14.95171562 24594
1 54228U 22147B   23108.74381379  .00010072  00000+0  91945-3 0  9993
2 54228  97.6534 112.1593 0014684 110.1215 250.1587 14.95176716 24633
1 54228U 22147B   23109.27919815  .00011348  00000+0  10347-2 0  9997
2 54228  97.6533 112.6823 0014731 108.5586 251.7237 14.95189399 24717
1 54228U 22147B   23109.74765669  .00010089  00000+0  92047-3 0  9994
2 54228  97.6530 113.1399 0014789 107.2333 253.0507 14.95197339 24782
1 54228U 22147B   23110.28303419  .00009089  00000+0  82961-3 0  9998
2 54228  97.6532 113.6626 0014853 105.6307 254.6554 14.95206622 24861
1 54228U 22147B   23110.81840793  .00009284  00000+0  84703-3 0  9991
2 54228  97.6535 114.1855 0014893 103.9851 256.3027 14.95217326 24949
1 54228U 22147B   23110.95225070  .00008809  00000+0  80403-3 0  9996
2 54228  97.6535 114.3162 0014900 103.5718 256.7164 14.95219445 24961
1 54228U 22147B   23111.82222454  .00009237  00000+0  84240-3 0  9995
2 54228  97.6539 115.1657 0014966 101.0245 259.2660 14.95235627 25097
1 54228U 22147B   23111.95606571  .00009066  00000+0  82686-3 0  9997
2 54228  97.6539 115.2964 0014975 100.6259 259.6649 14.95238066 25113
1 54228U 22147B   23112.82602871  .00008561  00000+0  78080-3 0  9995
2 54228  97.6544 116.1460 0015010  98.0969 262.1955 14.95252842 25240
1 54228U 22147B   23113.42830555  .00008792  00000+0  80155-3 0  9996
2 54228  97.6547 116.7343 0015016  96.3461 263.9470 14.95264155 25334
1 54228U 22147B   23113.82982070  .00010620  00000+0  96660-3 0  9991
2 54228  97.6548 117.1264 0015010  95.1697 265.1237 14.95274054 25394
1 54228U 22147B   23114.43208280  .00031877  00000+0  28788-2 0  9995
2 54228  97.6551 117.7146 0014993  93.3099 266.9837 14.95325032 25486
1 54228U 22147B   23114.76667466  .00027747  00000+0  25082-2 0  9991
2 54228  97.6553 118.0417 0014978  92.0855 268.2081 14.95320683 25531
1 54228U 22147B   23114.96742918  .00011914  00000+0  10827-2 0  9999
2 54228  97.6553 118.2375 0014993  91.7404 268.5534 14.95306290 25566
1 54228U 22147B   23115.43584998  .00008350  00000+0  76060-3 0  9996
2 54228  97.6554 118.6951 0014966  90.2513 270.0423 14.95314269 25634
1 54228U 22147B   23116.50652015  .00005405  00000+0  49417-3 0  9995
2 54228  97.6553 119.7408 0014901  86.9840 273.3086 14.95325570 25791
1 54228U 22147B   23116.77418644  .00005332  00000+0  48753-3 0  9993
2 54228  97.6553 120.0023 0014876  86.2662 274.0260 14.95328101 25835
1 54228U 22147B   23117.51026543  .00005903  00000+0  53903-3 0  9996
2 54228  97.6552 120.7212 0014803  84.0798 276.2109 14.95337765 25941
1 54228U 22147B   23117.77792944  .00006084  00000+0  55541-3 0  9990
2 54228  97.6550 120.9826 0014770  83.3125 276.9776 14.95340894 25989
1 54228U 22147B   23118.51400187  .00005973  00000+0  54528-3 0  9998
2 54228  97.6547 121.7014 0014679  81.0929 279.1953 14.95350277 26099
1 54228U 22147B   23119.04932433  .00006036  00000+0  55081-3 0  9997
2 54228  97.6546 122.2242 0014620  79.5349 280.7519 14.95357348 26172
1 54228U 22147B   23119.51772953  .00006069  00000+0  55373-3 0  9998
2 54228  97.6544 122.6816 0014556  78.1538 282.1315 14.95363584 26241
1 54228U 22147B   23120.05304768  .00006013  00000+0  54857-3 0  9999
2 54228  97.6541 123.2044 0014493  76.6094 283.6742 14.95369980 26323
1 54228U 22147B   23120.52144928  .00005664  00000+0  51704-3 0  9990
2 54228  97.6539 123.6618 0014447  75.2719 285.0102 14.95375088 26398
1 54228U 22147B   23121.52516143  .00005636  00000+0  51437-3 0  9995
2 54228  97.6534 124.6419 0014356  72.3332 287.9456 14.95386363 26549
1 54228U 22147B   23121.92664401  .00006003  00000+0  54740-3 0  9999
2 54228  97.6533 125.0340 0014321  71.2008 289.0765 14.95391728 26600
1 54228U 22147B   23122.52886512  .00006468  00000+0  58925-3 0  9999
2 54228  97.6531 125.6221 0014279  69.4579 290.8173 14.95399909 26697
1 54228U 22147B   23122.59577841  .00006505  00000+0  59266-3 0  9999
2 54228  97.6531 125.6874 0014274  69.2842 290.9908 14.95400757 26700
1 54228U 22147B   23123.53256073  .00005924  00000+0  54005-3 0  9995
2 54228  97.6528 126.6022 0014235  66.6639 293.6078 14.95411088 26846
1 54228U 22147B   23123.80021144  .00005980  00000+0  54509-3 0  9995
2 54228  97.6528 126.8636 0014228  65.9495 294.3213 14.95414474 26888
1 54228U 22147B   23124.53624745  .00006428  00000+0  58529-3 0  9996
2 54228  97.6526 127.5824 0014200  63.8907 296.3773 14.95424864 26997
1 54228U 22147B   23124.60315959  .00006456  00000+0  58785-3 0  9993
2 54228  97.6526 127.6478 0014199  63.7182 296.5496 14.95425744 27009
1 54228U 22147B   23125.53992510  .00006748  00000+0  61395-3 0  9995
2 54228  97.6527 128.5628 0014181  61.0736 299.1905 14.95438732 27144
1 54228U 22147B   23125.87448215  .00007410  00000+0  67349-3 0  9992
2 54228  97.6526 128.8897 0014179  60.2139 300.0490 14.95444613 27190
1 54228U 22147B   23126.54359243  .00009687  00000+0  87837-3 0  9991
2 54228  97.6527 129.5433 0014158  58.3536 301.9064 14.95457957 27294
1 54228U 22147B   23127.01196674  .00009369  00000+0  84963-3 0  9995
2 54228  97.6526 130.0008 0014129  57.2335 303.0246 14.95464859 27363
1 54228U 22147B   23127.54724907  .00008548  00000+0  77549-3 0  9999
2 54228  97.6529 130.5240 0014150  55.6477 304.6081 14.95472090 27441
1 54228U 22147B   23127.88179861  .00009320  00000+0  84492-3 0  9993
2 54228  97.6530 130.8509 0014134  54.7365 305.5176 14.95478726 27494
1 54228U 22147B   23128.01561804  .00009417  00000+0  85356-3 0  9998
2 54228  97.6530 130.9816 0014138  54.3279 305.9256 14.95481315 27514
1 54228U 22147B   23128.95234855  .00009706  00000+0  87921-3 0  9995
2 54228  97.6534 131.8967 0014125  51.6370 308.6118 14.95497576 27651
1 54228U 22147B   23129.01925740  .00009870  00000+0  89389-3 0  9995
2 54228  97.6535 131.9621 0014123  51.4425 308.8059 14.95499090 27667
1 54228U 22147B   23129.55452690  .00009240  00000+0  83712-3 0  9998
2 54228  97.6537 132.4849 0014092  49.9861 310.2594 14.95507481 27742
1 54228U 22147B   23130.49124033  .00009702  00000+0  87829-3 0  9996
2 54228  97.6541 133.4000 0014043  47.1951 313.0448 14.95524671 27887
1 54228U 22147B   23130.75887041  .00010731  00000+0  97056-3 0  9997
2 54228  97.6542 133.6615 0014020  46.3831 313.8550 14.95531068 27920
1 54228U 22147B   23131.22722129  .00009282  00000+0  84019-3 0  9999
2 54228  97.6545 134.1190 0014002  44.9435 315.2917 14.95537793 27992
1 54228U 22147B   23131.82938247  .00009461  00000+0  85606-3 0  9997
2 54228  97.6545 134.7073 0013952  43.1045 317.1266 14.95549452 28083
1 54228U 22147B   23132.23082051  .00008708  00000+0  78830-3 0  9990
2 54228  97.6545 135.0995 0013919  41.8311 318.3971 14.95556227 28145
1 54228U 22147B   23132.76606863  .00009425  00000+0  85250-3 0  9992
2 54228  97.6545 135.6225 0013887  39.9766 320.2475 14.95566795 28224
1 54228U 22147B   23133.23440795  .00008483  00000+0  76776-3 0  9991
2 54228  97.6545 136.0800 0013863  38.4153 321.8052 14.95573755 28295
1 54228U 22147B   23133.50202937  .00007736  00000+0  70065-3 0  9990
2 54228  97.6544 136.3415 0013828  37.6017 322.6168 14.95577374 28333
1 54228U 22147B   23133.90346018  .00007333  00000+0  66429-3 0  9995
2 54228  97.6543 136.7336 0013779  36.2620 323.9532 14.95583141 28392
1 54228U 22147B   23134.23798435  .00007630  00000+0  69092-3 0  9995
2 54228  97.6543 137.0605 0013744  35.1045 325.1079 14.95589162 28441
1 54228U 22147B   23134.57250760  .00006237  00000+0  56574-3 0  9999
2 54228  97.6541 137.3872 0013684  34.1015 326.1082 14.95592386 28499
1 54228U 22147B   23134.90702967  .00006341  00000+0  57503-3 0  9996
2 54228  97.6539 137.7140 0013624  32.9830 327.2238 14.95597528 28547
1 54228U 22147B   23135.24155095  .00005939  00000+0  53892-3 0  9997
2 54228  97.6538 138.0408 0013588  31.8371 328.3669 14.95601561 28592
1 54228U 22147B   23135.50916725  .00005536  00000+0  50263-3 0  9993
2 54228  97.6536 138.3022 0013506  31.0741 329.1276 14.95604812 28638
1 54228U 22147B   23135.57607125  .00005466  00000+0  49640-3 0  9990
2 54228  97.6536 138.3676 0013487  30.8756 329.3255 14.95605489 28645
1 54228U 22147B   23136.24510958  .00005517  00000+0  50086-3 0  9995
2 54228  97.6533 139.0212 0013395  28.5172 331.6779 14.95613360 28745
1 54228U 22147B   23136.51272409  .00004947  00000+0  44969-3 0  9990
2 54228  97.6531 139.2826 0013350  27.6161 332.5767 14.95615572 28783
1 54228U 22147B   23136.91414504  .00004656  00000+0  42346-3 0  9992
2 54228  97.6529 139.6748 0013303  26.1206 334.0683 14.95618885 28840
1 54228U 22147B   23137.44937118  .00004437  00000+0  40380-3 0  9995
2 54228  97.6527 140.1976 0013206  24.2594 335.9246 14.95623916 28924
1 54228U 22147B   23137.91769280  .00004360  00000+0  39683-3 0  9999
2 54228  97.6526 140.6553 0013163  22.5489 337.6307 14.95628205 28995
1 54228U 22147B   23138.51981863  .00004113  00000+0  37459-3 0  9994
2 54228  97.6524 141.2435 0013068  20.3931 339.7809 14.95633256 29084
1 54228U 22147B   23138.72052684  .00004081  00000+0  37171-3 0  9992
2 54228  97.6524 141.4396 0013034  19.7108 340.4614 14.95634832 29111
1 54228U 22147B   23139.72406426  .00004539  00000+0  41281-3 0  9995
2 54228  97.6522 142.4201 0012892  16.2562 343.9071 14.95644337 29264
1 54228U 22147B   23139.79096640  .00004730  00000+0  42993-3 0  9999
2 54228  97.6523 142.4855 0012894  16.0691 344.0936 14.95645606 29276
1 54228U 22147B   23140.72759289  .00007602  00000+0  68728-3 0  9994
2 54228  97.6522 143.4006 0012735  12.8962 347.2583 14.95661399 29419
1 54228U 22147B   23140.79449440  .00007413  00000+0  67040-3 0  9992
2 54228  97.6522 143.4660 0012733  12.7295 347.4246 14.95662011 29422
1 54228U 22147B   23141.46350762  .00006985  00000+0  63183-3 0  9992
2 54228  97.6521 144.1196 0012619  10.5363 349.6120 14.95670869 29524
1 54228U 22147B   23141.73111168  .00006729  00000+0  60889-3 0  9993
2 54228  97.6521 144.3811 0012575   9.6845 350.4617 14.95674241 29568
1 54228U 22147B   23141.79801245  .00007175  00000+0  64881-3 0  9993
2 54228  97.6521 144.4464 0012566   9.4644 350.6812 14.95676044 29571
1 54228U 22147B   23142.46701930  .00006805  00000+0  61552-3 0  9999
2 54228  97.6522 145.1001 0012479   7.3832 352.7571 14.95685273 29676
1 54228U 22147B   23142.73462089  .00007036  00000+0  63618-3 0  9990
2 54228  97.6522 145.3615 0012448   6.5663 353.5719 14.95688918 29715
1 54228U 22147B   23143.73812157  .00006455  00000+0  58397-3 0  9998
2 54228  97.6524 146.3420 0012310   3.5608 356.5699 14.95701166 29863
1 54228U 22147B   23144.60781573  .00005921  00000+0  53600-3 0  9991
2 54228  97.6525 147.1915 0012208   0.9622 359.1620 14.95711024 29996
1 54228U 22147B   23145.94579571  .00005678  00000+0  51406-3 0  9993
2 54228  97.6527 148.4991 0012025 356.9521   3.1625 14.95725909 30197
1 54228U 22147B   23146.01269433  .00005733  00000+0  51893-3 0  9997
2 54228  97.6527 148.5644 0012020 356.7462   3.3679 14.95726800 30204
1 54228U 22147B   23146.54788244  .00005420  00000+0  49085-3 0  9994
2 54228  97.6527 149.0874 0011962 355.1310   4.9793 14.95732035 30283
1 54228U 22147B   23146.88237395  .00005260  00000+0  47645-3 0  9999
2 54228  97.6528 149.4142 0011922 354.0973   6.0106 14.95735409 30330
1 54228U 22147B   23147.01617024  .00005317  00000+0  48159-3 0  9990
2 54228  97.6528 149.5449 0011911 353.6686   6.4382 14.95737122 30351
1 54228U 22147B   23147.88584392  .00005111  00000+0  46301-3 0  9995
2 54228  97.6529 150.3947 0011787 350.8337   9.2667 14.95745647 30480
1 54228U 22147B   23148.01963934  .00005159  00000+0  46736-3 0  9998
2 54228  97.6529 150.5254 0011775 350.3885   9.7109 14.95747247 30500
1 54228U 22147B   23148.88930638  .00006105  00000+0  55183-3 0  9996
2 54228  97.6530 151.3752 0011699 347.5314  12.5616 14.95758678 30633
1 54228U 22147B   23149.42448313  .00005977  00000+0  54029-3 0  9995
2 54228  97.6530 151.8981 0011637 345.7631  14.3261 14.95764483 30712
1 54228U 22147B   23149.55827700  .00005849  00000+0  52889-3 0  9990
2 54228  97.6530 152.0288 0011627 345.3333  14.7549 14.95765697 30732
1 54228U 22147B   23149.89276092  .00005936  00000+0  53660-3 0  9994
2 54228  97.6530 152.3557 0011597 344.1633  15.9224 14.95769742 30783
1 54228U 22147B   23150.42793344  .00005607  00000+0  50713-3 0  9990
2 54228  97.6530 152.8786 0011546 342.3419  17.7399 14.95775403 30861
1 54228U 22147B   23150.49482979  .00005799  00000+0  52425-3 0  9990
2 54228  97.6530 152.9440 0011548 342.1158  17.9655 14.95776674 30878
1 54228U 22147B   23150.89620732  .00005839  00000+0  52776-3 0  9999
2 54228  97.6530 153.3362 0011485 340.7024  19.3760 14.95781704 30932
1 54228U 22147B   23151.43137507  .00005999  00000+0  54197-3 0  9999
2 54228  97.6530 153.8591 0011450 338.7637  21.3107 14.95788699 31018
1 54228U 22147B   23151.56516673  .00006135  00000+0  55414-3 0  9994
2 54228  97.6530 153.9899 0011427 338.2580  21.8155 14.95790595 31034
1 54228U 22147B   23151.89964517  .00005910  00000+0  53395-3 0  9990
2 54228  97.6530 154.3167 0011410 337.0556  23.0154 14.95794276 31087
1 54228U 22147B   23152.43480819  .00006373  00000+0  57526-3 0  9993
2 54228  97.6528 154.8397 0011347 334.9889  25.0781 14.95802217 31160
1 54228U 22147B   23152.90307408  .00006253  00000+0  56446-3 0  9994
2 54228  97.6528 155.2974 0011358 333.2886  26.7749 14.95808045 31232
1 54228U 22147B   23153.43823287  .00005408  00000+0  48885-3 0  9990
2 54228  97.6526 155.8205 0011324 331.2120  28.8475 14.95813225 31319
1 54228U 22147B   23153.57202220  .00005808  00000+0  52455-3 0  9995
2 54228  97.6526 155.9512 0011318 330.6841  29.3744 14.95815640 31337
1 54228U 22147B   23153.90649504  .00005558  00000+0  50223-3 0  9995
2 54228  97.6526 156.2780 0011246 329.2638  30.7924 14.95819214 31388
1 54228U 22147B   23154.57543876  .00004745  00000+0  42948-3 0  9996
2 54228  97.6524 156.9319 0011276 326.7127  33.3384 14.95824788 31481
1 54228U 22147B   23154.90990947  .00004885  00000+0  44189-3 0  9992
2 54228  97.6524 157.2588 0011255 325.3475  34.7011 14.95828478 31539
1 54228U 22147B   23155.57884882  .00004639  00000+0  41992-3 0  9992
2 54228  97.6523 157.9126 0011235 322.5772  37.4666 14.95834470 31636
1 54228U 22147B   23155.77953022  .00004652  00000+0  42099-3 0  9991
2 54228  97.6523 158.1088 0011232 321.7860  38.2564 14.95836203 31667
1 54228U 22147B   23155.91331753  .00004703  00000+0  42556-3 0  9993
2 54228  97.6522 158.2395 0011225 321.2526  38.7889 14.95837718 31683
1 54228U 22147B   23156.31467901  .00004684  00000+0  42382-3 0  9998
2 54228  97.6521 158.6318 0011223 319.6110  40.4277 14.95841344 31747
1 54228U 22147B   23156.71603937  .00005068  00000+0  45811-3 0  9990
2 54228  97.6522 159.0241 0011223 317.9481  42.0878 14.95845992 31805
1 54228U 22147B   23156.98361240  .00005048  00000+0  45628-3 0  9991
2 54228  97.6522 159.2856 0011218 316.8843  43.1498 14.95848714 31842
1 54228U 22147B   23157.45186376  .00005124  00000+0  46297-3 0  9997
2 54228  97.6521 159.7433 0011208 314.9593  45.0719 14.95853689 31919
1 54228U 22147B   23157.85322064  .00005640  00000+0  50899-3 0  9993
2 54228  97.6521 160.1355 0011185 313.2779  46.7509 14.95859117 31973
1 54228U 22147B   23157.98700612  .00005526  00000+0  49882-3 0  9999
2 54228  97.6521 160.2662 0011170 312.7080  47.3200 14.95860418 31991
1 54228U 22147B   23158.45525410  .00005498  00000+0  49624-3 0  9995
2 54228  97.6521 160.7239 0011161 310.8526  49.1727 14.95865396 32063
1 54228U 22147B   23158.85660828  .00005798  00000+0  52293-3 0  9991
2 54228  97.6522 161.1161 0011145 309.2120  50.8111 14.95870316 32128
1 54228U 22147B   23158.99039274  .00005790  00000+0  52224-3 0  9997
2 54228  97.6522 161.2469 0011140 308.6698  51.3526 14.95871869 32140
1 54228U 22147B   23159.52552926  .00005676  00000+0  51195-3 0  9990
2 54228  97.6521 161.7699 0011106 306.4731  53.5466 14.95877475 32220
1 54228U 22147B   23159.99377182  .00005991  00000+0  54005-3 0  9993
2 54228  97.6521 162.2274 0011073 304.5802  55.4374 14.95883434 32294
1 54228U 22147B   23160.46201266  .00005815  00000+0  52428-3 0  9998
2 54228  97.6521 162.6850 0011048 302.7413  57.2743 14.95888456 32365
1 54228U 22147B   23160.79646951  .00005776  00000+0  52070-3 0  9997
2 54228  97.6521 163.0118 0011009 301.3594  58.6550 14.95892151 32413
1 54228U 22147B   23160.99714314  .00005751  00000+0  51851-3 0  9997
2 54228  97.6521 163.2079 0010992 300.5585  59.4551 14.95894616 32443
1 54228U 22147B   23161.39848953  .00005882  00000+0  53009-3 0  9991
2 54228  97.6520 163.6001 0010968 298.9926  61.0195 14.95899450 32504
1 54228U 22147B   23161.86672577  .00005933  00000+0  53453-3 0  9990
2 54228  97.6519 164.0576 0010921 297.1347  62.8760 14.95904709 32579
1 54228U 22147B   23162.26806969  .00006082  00000+0  54780-3 0  9999
2 54228  97.6519 164.4497 0010883 295.6082  64.4014 14.95909427 32630
1 54228U 22147B   23162.46874116  .00006170  00000+0  55559-3 0  9993
2 54228  97.6519 164.6459 0010860 294.8097  65.1994 14.95911973 32669
1 54228U 22147B   23162.87008297  .00006487  00000+0  58383-3 0  9996
2 54228  97.6518 165.0381 0010809 293.1719  66.8363 14.95917358 32721
1 54228U 22147B   23163.27142369  .00006175  00000+0  55589-3 0  9999
2 54228  97.6518 165.4303 0010772 291.6934  68.3140 14.95921376 32781
1 54228U 22147B   23163.94032195  .00006562  00000+0  59027-3 0  9999
2 54228  97.6516 166.0841 0010685 288.9513  71.0550 14.95930312 32885
1 54228U 22147B   23164.47543826  .00005823  00000+0  52439-3 0  9995
2 54228  97.6514 166.6071 0010624 286.8839  73.1217 14.95935121 32960
1 54228U 22147B   23164.80988467  .00005932  00000+0  53409-3 0  9995
2 54228  97.6514 166.9339 0010578 285.4746  74.5307 14.95939279 33010
1 54228U 22147B   23165.47877524  .00005466  00000+0  49246-3 0  9996
2 54228  97.6513 167.5877 0010519 282.9972  77.0074 14.95946106 33118
1 54228U 22147B   23165.74633046  .00005586  00000+0  50311-3 0  9993
2 54228  97.6513 167.8493 0010493 281.9576  78.0469 14.95949368 33151
1 54228U 22147B   23166.54899301  .00005745  00000+0  51717-3 0  9998
2 54228  97.6512 168.6338 0010422 278.8318  81.1723 14.95958882 33270
1 54228U 22147B   23166.95032219  .00006304  00000+0  56686-3 0  9992
2 54228  97.6513 169.0260 0010396 277.3275  82.6765 14.95964799 33339
1 54228U 22147B   23167.48542491  .00007778  00000+0  69788-3 0  9992
2 54228  97.6513 169.5491 0010355 275.2270  84.7770 14.95974765 33419
1 54228U 22147B   23167.81986272  .00007404  00000+0  66453-3 0  9990
2 54228  97.6514 169.8760 0010330 273.8301  86.1740 14.95978781 33464
1 54228U 22147B   23167.95363750  .00007374  00000+0  66180-3 0  9998
2 54228  97.6515 170.0067 0010332 273.3860  86.6179 14.95980841 33489
1 54228U 22147B   23168.35496093  .00006844  00000+0  61458-3 0  9994
2 54228  97.6516 170.3990 0010313 271.8164  88.1876 14.95985659 33547
1 54228U 22147B   23168.82316952  .00006643  00000+0  59660-3 0  9990
2 54228  97.6517 170.8566 0010295 269.9682  90.0359 14.95992468 33616
1 54228U 22147B   23169.29137599  .00006265  00000+0  56290-3 0  9996
2 54228  97.6518 171.3143 0010279 268.1814  91.8230 14.95999162 33686
1 54228U 22147B   23169.82646694  .00006166  00000+0  55403-3 0  9991
2 54228  97.6520 171.8375 0010285 266.1375  93.8670 14.96005944 33764
1 54228U 22147B   23170.42844098  .00006498  00000+0  58335-3 0  9992
2 54228  97.6522 172.4259 0010298 263.8235  96.1814 14.96014730 33856
1 54228U 22147B   23170.76286953  .00006709  00000+0  60208-3 0  9996
2 54228  97.6522 172.7529 0010304 262.4307  97.5744 14.96019668 33900
1 54228U 22147B   23171.36483854  .00006584  00000+0  59081-3 0  9990
2 54228  97.6524 173.3414 0010334 260.0432  99.9624 14.96027639 33997
1 54228U 22147B   23171.69926451  .00006382  00000+0  57279-3 0  9994
2 54228  97.6525 173.6683 0010347 258.8271 101.1787 14.96031708 34044
1 54228U 22147B   23171.83303447  .00006558  00000+0  58839-3 0  9992
2 54228  97.6526 173.7991 0010357 258.2747 101.7312 14.96033951 34065
1 54228U 22147B   23172.56876675  .00006259  00000+0  56175-3 0  9990
2 54228  97.6527 174.5183 0010416 255.4229 104.5837 14.96043485 34176
1 54228U 22147B   23172.76942029  .00006219  00000+0  55816-3 0  9996
2 54228  97.6528 174.7145 0010432 254.6562 105.3507 14.96045959 34201
1 54228U 22147B   23173.77268211  .00006540  00000+0  58639-3 0  9995
2 54228  97.6529 175.6954 0010539 250.9916 109.0164 14.96060016 34357
1 54228U 22147B   23174.97658500  .00006710  00000+0  60127-3 0  9996
2 54228  97.6528 176.8722 0010701 246.2802 113.7297 14.96075980 34530
1 54228U 22147B   23175.97982771  .00006369  00000+0  57080-3 0  9991
2 54228  97.6526 177.8528 0010837 242.7093 117.3026 14.96088815 34683
1 54228U 22147B   23176.98306148  .00006245  00000+0  55959-3 0  9997
2 54228  97.6524 178.8337 0010975 239.2225 120.7917 14.96102022 34832
1 54228U 22147B   23178.45445568  .00005578  00000+0  50017-3 0  9999
2 54228  97.6520 180.2720 0011190 233.7924 126.2263 14.96119923 35054
1 54228U 22147B   23179.72519282  .00005250  00000+0  47089-3 0  9997
2 54228  97.6516 181.5143 0011337 229.0715 130.9525 14.96133135 35246
1 54228U 22147B   23180.79527874  .00004956  00000+0  44471-3 0  9996
2 54228  97.6513 182.5605 0011449 224.9487 135.0808 14.96143854 35408
1 54228U 22147B   23181.99911588  .00004700  00000+0  42185-3 0  9995
2 54228  97.6510 183.7373 0011557 220.2449 139.7918 14.96156219 35588
1 54228U 22147B   23183.00230691  .00004411  00000+0  39611-3 0  9997
2 54228  97.6509 184.7182 0011626 216.2904 143.7530 14.96165104 35738
1 54228U 22147B   23184.00549176  .00004553  00000+0  40858-3 0  9991
2 54228  97.6509 185.6990 0011693 212.3390 147.7116 14.96174759 35881
1 54228U 22147B   23185.00867038  .00004833  00000+0  43331-3 0  9992
2 54228  97.6509 186.6798 0011764 208.3180 151.7403 14.96184668 36031
1 54228U 22147B   23186.01184228  .00005347  00000+0  47865-3 0  9994
2 54228  97.6512 187.6608 0011874 204.2930 155.7733 14.96195677 36184
1 54228U 22147B   23187.34939513  .00005338  00000+0  47771-3 0  9992
2 54228  97.6518 188.9688 0011969 199.1730 160.9042 14.96208507 36387
1 54228U 22147B   23188.68693427  .00007075  00000+0  63105-3 0  9990
2 54228  97.6523 190.2767 0012057 194.0986 165.9901 14.96226174 36584
1 54228U 22147B   23189.75695481  .00006637  00000+0  59209-3 0  9994
2 54228  97.6528 191.3230 0012161 190.2366 169.8609 14.96238552 36741
1 54228U 22147B   23190.76009050  .00005572  00000+0  49785-3 0  9993
2 54228  97.6532 192.3039 0012220 186.8240 173.2817 14.96248919 36896
1 54228U 22147B   23191.76321861  .00005337  00000+0  47692-3 0  9995
2 54228  97.6533 193.2849 0012300 183.5600 176.5536 14.96259915 37049
1 54228U 22147B   23192.76633897  .00005576  00000+0  49791-3 0  9998
2 54228  97.6533 194.2659 0012383 180.3596 179.7618 14.96271942 37195
1 54228U 22147B   23193.76945108  .00006220  00000+0  55452-3 0  9998
2 54228  97.6533 195.2469 0012513 177.1900 182.9394 14.96285312 37343
1 54228U 22147B   23194.97317488  .00005636  00000+0  50281-3 0  9991
2 54228  97.6530 196.4242 0012644 173.6418 186.4967 14.96298875 37525
1 54228U 22147B   23195.97626896  .00006364  00000+0  56687-3 0  9993
2 54228  97.6527 197.4053 0012732 170.8088 189.3369 14.96312306 37672
1 54228U 22147B   23197.31371549  .00005031  00000+0  44909-3 0  9999
2 54228  97.6522 198.7135 0012842 167.0712 193.0841 14.96325634 37873
1 54228U 22147B   23198.31679138  .00006351  00000+0  56523-3 0  9996
2 54228  97.6519 199.6945 0012933 164.2905 195.8721 14.96339680 38023
1 54228U 22147B   23199.45360112  .00006602  00000+0  58710-3 0  9990
2 54228  97.6517 200.8063 0013074 161.1056 199.0653 14.96353630 38196
1 54228U 22147B   23200.79100961  .00005933  00000+0  52793-3 0  9995
2 54228  97.6517 202.1143 0013194 157.2252 202.9558 14.96369856 38394
1 54228U 22147B   23201.79405667  .00006876  00000+0  61078-3 0  9990
2 54228  97.6518 203.0952 0013309 154.1746 206.0143 14.96383708 38549
1 54228U 22147B   23204.93688060  .00006602  00000+0  58596-3 0  9997
2 54228  97.6523 206.1689 0013801 144.3736 215.8409 14.96424569 39010
1 54228U 22147B   23206.47482562  .00006374  00000+0  56563-3 0  9995
2 54228  97.6526 207.6731 0014046 139.4065 220.8207 14.96445025 39246
1 54228U 22147B   23207.34408920  .00007686  00000+0  68062-3 0  9992
2 54228  97.6527 208.5236 0014135 136.5914 223.6424 14.96459022 39375
1 54228U 22147B   23207.94588240  .00008350  00000+0  73866-3 0  9999
2 54228  97.6527 209.1122 0014215 134.5968 225.6416 14.96468819 39469
1 54228U 22147B   23208.48080635  .00007461  00000+0  66050-3 0  9993
2 54228  97.6528 209.6355 0014286 132.8504 227.3920 14.96476228 39549
1 54228U 22147B   23208.81513220  .00007628  00000+0  67503-3 0  9990
2 54228  97.6528 209.9625 0014320 131.7734 228.4714 14.96481639 39594
1 54228U 22147B   23209.01572716  .00007503  00000+0  66407-3 0  9992
2 54228  97.6528 210.1587 0014345 131.1261 229.1201 14.96484895 39621
1 54228U 22147B   23210.01869677  .00006757  00000+0  59834-3 0  9995
2 54228  97.6529 211.1399 0014476 128.0214 232.2317 14.96498267 39779
1 54228U 22147B   23211.22224716  .00007154  00000+0  63287-3 0  9997
2 54228  97.6530 212.3175 0014593 124.3141 235.9464 14.96516184 39956
1 54228U 22147B   23212.42578183  .00008362  00000+0  73834-3 0  9991
2 54228  97.6532 213.4953 0014653 120.5787 239.6882 14.96537219 40134
1 54228U 22147B   23213.69616239  .00007950  00000+0  70193-3 0  9993
2 54228  97.6535 214.7386 0014673 116.6802 243.5924 14.96556832 40321
1 54228U 22147B   23214.69908218  .00007778  00000+0  68654-3 0  9992
2 54228  97.6538 215.7201 0014692 113.8205 246.4558 14.96572436 40477
1 54228U 22147B   23215.96943101  .00007762  00000+0  68478-3 0  9990
2 54228  97.6542 216.9633 0014691 110.3294 249.9508 14.96593528 40662
1 54228U 22147B   23216.97232724  .00007612  00000+0  67145-3 0  9998
2 54228  97.6545 217.9447 0014623 107.3285 252.9538 14.96607789 40819
1 54228U 22147B   23217.97521207  .00009348  00000+0  82282-3 0  9993
2 54228  97.6546 218.9261 0014564 104.5327 255.7511 14.96626362 40961
1 54228U 22147B   23218.97808719  .00005937  00000+0  52452-3 0  9996
2 54228  97.6545 219.9075 0014480 101.7524 258.5323 14.96636411 41115
1 54228U 22147B   23219.98095392  .00006866  00000+0  60558-3 0  9991
2 54228  97.6545 220.8890 0014384  98.8798 261.4053 14.96650313 41269
1 54228U 22147B   23221.31809546  .00006838  00000+0  60288-3 0  9994
2 54228  97.6542 222.1976 0014284  95.1896 265.0956 14.96667977 41462
1 54228U 22147B   23222.45465320  .00006699  00000+0  59047-3 0  9994
2 54228  97.6539 223.3098 0014228  92.1488 268.1363 14.96683253 41638
1 54228U 22147B   23223.72491092  .00006217  00000+0  54821-3 0  9991
2 54228  97.6536 224.5531 0014168  88.5444 271.7400 14.96698432 41822
1 54228U 22147B   23224.79459015  .00006444  00000+0  56778-3 0  9993
2 54228  97.6533 225.6000 0014138  85.6626 274.6210 14.96712994 41987
1 54228U 22147B   23225.99796735  .00006453  00000+0  56836-3 0  9994
2 54228  97.6530 226.7778 0014135  82.3630 277.9196 14.96729011 42162
1 54228U 22147B   23227.00077251  .00006563  00000+0  57779-3 0  9992
2 54228  97.6530 227.7592 0014148  79.5986 280.6829 14.96741940 42319
1 54228U 22147B   23228.33783239  .00006925  00000+0  60904-3 0  9995
2 54228  97.6530 229.0680 0014181  75.9855 284.2942 14.96759607 42511
1 54228U 22147B   23229.34061542  .00007744  00000+0  68012-3 0  9991
2 54228  97.6532 230.0495 0014223  73.3539 286.9243 14.96775587 42661
1 54228U 22147B   23230.34338791  .00007332  00000+0  64398-3 0  9992
2 54228  97.6534 231.0311 0014261  70.5962 289.6800 14.96790584 42812
1 54228U 22147B   23231.47984983  .00007395  00000+0  64917-3 0  9993
2 54228  97.6538 232.1436 0014295  67.4234 292.8499 14.96809282 42984
1 54228U 22147B   23232.48259973  .00007348  00000+0  64483-3 0  9995
2 54228  97.6543 233.1251 0014304  64.5980 295.6721 14.96824381 43137
1 54228U 22147B   23233.75273579  .00007136  00000+0  62615-3 0  9994
2 54228  97.6549 234.3683 0014297  60.8430 299.4221 14.96841855 43328
1 54228U 22147B   23234.95600797  .00007184  00000+0  62996-3 0  9998
2 54228  97.6555 235.5460 0014276  57.1241 303.1353 14.96859582 43502
1 54228U 22147B   23236.76089024  .00006873  00000+0  60260-3 0  9999
2 54228  97.6563 237.3136 0014145  51.8968 308.3527 14.96884460 43775
1 54228U 22147B   23236.96143065  .00007171  00000+0  62846-3 0  9991
2 54228  97.6563 237.5100 0014131  51.2525 308.9957 14.96888090 43806
1 54228U 22147B   23237.56305026  .00006463  00000+0  56682-3 0  9999
2 54228  97.6564 238.0992 0014072  49.4750 310.7695 14.96894984 43893
1 54228U 22147B   23237.83043551  .00006812  00000+0  59709-3 0  9992
2 54228  97.6565 238.3610 0014055  48.6177 311.6251 14.96899416 43937
1 54228U 22147B   23237.96412793  .00006723  00000+0  58937-3 0  9997
2 54228  97.6564 238.4919 0014044  48.1929 312.0490 14.96901194 43956
1 54228U 22147B   23238.49889605  .00006812  00000+0  59701-3 0  9995
2 54228  97.6564 239.0156 0014000  46.4066 313.8315 14.96908663 44034
1 54228U 22147B   23238.89997037  .00006696  00000+0  58679-3 0  9991
2 54228  97.6564 239.4084 0013957  45.1453 315.0900 14.96913983 44095
1 54228U 22147B   23238.96681596  .00006651  00000+0  58292-3 0  9991
2 54228  97.6564 239.4739 0013952  44.9247 315.3101 14.96914857 44104
1 54228U 22147B   23239.30104347  .00006686  00000+0  58590-3 0  9993
2 54228  97.6564 239.8012 0013917  43.8196 316.4128 14.96919104 44150
1 54228U 22147B   23239.90265023  .00006210  00000+0  54448-3 0  9999
2 54228  97.6562 240.3905 0013850  41.8384 318.3894 14.96926352 44243
1 54228U 22147B   23239.96949515  .00006268  00000+0  54952-3 0  9993
2 54228  97.6562 240.4560 0013839  41.6287 318.5985 14.96927461 44254
1 54228U 22147B   23240.90532135  .00005835  00000+0  51177-3 0  9990
2 54228  97.6559 241.3726 0013700  38.5536 321.6662 14.96938613 44396
1 54228U 22147B   23240.97216573  .00005863  00000+0  51418-3 0  9991
2 54228  97.6559 241.4381 0013690  38.3435 321.8757 14.96939619 44404
1 54228U 22147B   23241.77429638  .00005621  00000+0  49306-3 0  9993
2 54228  97.6557 242.2237 0013591  35.5415 324.6709 14.96948892 44522
1 54228U 22147B   23241.97482811  .00005659  00000+0  49636-3 0  9994
2 54228  97.6556 242.4201 0013558  34.8802 325.3305 14.96951628 44553
1 54228U 22147B   23242.77695280  .00005515  00000+0  48381-3 0  9996
2 54228  97.6554 243.2057 0013443  32.0960 328.1078 14.96960358 44678
1 54228U 22147B   23243.31170015  .00005209  00000+0  45719-3 0  9993
2 54228  97.6553 243.7295 0013354  30.2471 329.9519 14.96965437 44755
1 54228U 22147B   23243.77960240  .00005259  00000+0  46147-3 0  9991
2 54228  97.6553 244.1878 0013279  28.6378 331.5571 14.96970475 44823
1 54228U 22147B   23244.31434567  .00005781  00000+0  50666-3 0  9991
2 54228  97.6553 244.7115 0013204  26.7267 333.4632 14.96977203 44901
1 54228U 22147B   23244.78224388  .00006401  00000+0  56038-3 0  9999
2 54228  97.6553 245.1697 0013122  25.1044 335.0813 14.96983932 44978
1 54228U 22147B   23245.31698291  .00006485  00000+0  56751-3 0  9991
2 54228  97.6553 245.6934 0013048  23.2424 336.9385 14.96990229 45056
1 54228U 22147B   23245.51750916  .00006230  00000+0  54543-3 0  9991
2 54228  97.6553 245.8898 0013017  22.5356 337.6434 14.96992497 45084
1 54228U 22147B   23245.78487623  .00011235  00000+0  97859-3 0  9990
2 54228  97.6553 246.1516 0012958  21.6191 338.5575 14.97004279 45129
1 54228U 22147B   23246.31961029  .00008245  00000+0  71974-3 0  9994
2 54228  97.6554 246.6752 0012885  19.7634 340.4085 14.97006785 45207
1 54228U 22147B   23246.45329321  .00007612  00000+0  66495-3 0  9991
2 54228  97.6555 246.8061 0012867  19.2969 340.8738 14.97007968 45224
1 54228U 22147B   23247.45591057  .00005478  00000+0  47991-3 0  9997
2 54228  97.6557 247.7879 0012728  15.8502 344.3116 14.97018456 45373
1 54228U 22147B   23247.79011481  .00005430  00000+0  47576-3 0  9999
2 54228  97.6557 248.1152 0012683  14.7237 345.4352 14.97021905 45428
1 54228U 22147B   23248.79272216  .00006127  00000+0  53594-3 0  9996
2 54228  97.6559 249.0970 0012540  11.3762 348.7740 14.97034689 45572
1 54228U 22147B   23249.46112299  .00006193  00000+0  54158-3 0  9995
2 54228  97.6559 249.7516 0012450   9.1757 350.9690 14.97042320 45675
1 54228U 22147B   23249.79532170  .00007303  00000+0  63754-3 0  9991
2 54228  97.6559 250.0788 0012406   8.0154 352.1264 14.97048526 45722
1 54228U 22147B   23249.99584054  .00007404  00000+0  64625-3 0  9991
2 54228  97.6558 250.2752 0012382   7.3229 352.8172 14.97051341 45759
1 54228U 22147B   23250.46371644  .00006962  00000+0  60796-3 0  9997
2 54228  97.6558 250.7334 0012313   5.9257 354.2109 14.97056430 45827
1 54228U 22147B   23250.79791247  .00007553  00000+0  65901-3 0  9998
2 54228  97.6559 251.0607 0012256   4.9502 355.1839 14.97061747 45875
1 54228U 22147B   23250.99842924  .00007736  00000+0  67479-3 0  9994
2 54228  97.6559 251.2571 0012215   4.3465 355.7860 14.97065152 45902
1 54228U 22147B   23251.53314060  .00006364  00000+0  55611-3 0  9991
2 54228  97.6559 251.7808 0012113   2.8037 357.3251 14.97068759 45981
1 54228U 22147B   23251.73365646  .00006620  00000+0  57821-3 0  9999
2 54228  97.6559 251.9772 0012109   2.1360 357.9911 14.97071744 46012
1 54228U 22147B   23252.00101008  .00007274  00000+0  63464-3 0  9996
2 54228  97.6558 252.2390 0012078   1.3247 358.8005 14.97076897 46053
1 54228U 22147B   23252.53571614  .00007100  00000+0  61950-3 0  9994
2 54228  97.6557 252.7629 0012014 359.7113   0.4100 14.97083432 46132
1 54228U 22147B   23253.00358101  .00008284  00000+0  72171-3 0  9992
2 54228  97.6556 253.2212 0011930 358.3103   1.8077 14.97092126 46201
1 54228U 22147B   23253.53828203  .00007147  00000+0  62338-3 0  9996
2 54228  97.6555 253.7451 0011855 356.7517   3.3626 14.97097761 46282
1 54228U 22147B   23254.00614266  .00007765  00000+0  67666-3 0  9996
2 54228  97.6554 254.2032 0011793 355.3166   4.7944 14.97105571 46353
1 54228U 22147B   23254.54083833  .00007625  00000+0  66448-3 0  9997
2 54228  97.6554 254.7271 0011716 353.7236   6.3837 14.97112950 46435
1 54228U 22147B   23255.27603988  .00007929  00000+0  69056-3 0  9992
2 54228  97.6552 255.4473 0011597 351.5042   8.5982 14.97124086 46543
1 54228U 22147B   23255.54338435  .00008245  00000+0  71776-3 0  9998
2 54228  97.6552 255.7094 0011567 350.6726   9.4279 14.97128967 46586
1 54228U 22147B   23255.87756289  .00011291  00000+0  98040-3 0  9993
2 54228  97.6551 256.0368 0011507 349.6136  10.4846 14.97139868 46630
1 54228U 22147B   23256.27857600  .00011290  00000+0  98010-3 0  9993
2 54228  97.6552 256.4296 0011456 348.4002  11.6954 14.97147236 46694
1 54228U 22147B   23256.54591658  .00010345  00000+0  89853-3 0  9996
2 54228  97.6551 256.6915 0011431 347.5274  12.5663 14.97151394 46739
1 54228U 22147B   23256.88009131  .00009741  00000+0  84635-3 0  9994
2 54228  97.6550 257.0189 0011387 346.5260  13.5656 14.97156837 46785
1 54228U 22147B   23257.54843668  .00008680  00000+0  75458-3 0  9993
2 54228  97.6554 257.6737 0011302 344.3962  15.6910 14.97168082 46888
1 54228U 22147B   23257.74893927  .00008869  00000+0  77081-3 0  9991
2 54228  97.6554 257.8701 0011276 343.7497  16.3362 14.97171684 46912
1 54228U 22147B   23257.88260759  .00007932  00000+0  69000-3 0  9999
2 54228  97.6554 258.0011 0011277 343.2701  16.8147 14.97172497 46934
1 54228U 22147B   23258.55094550  .00007457  00000+0  64888-3 0  9999
2 54228  97.6559 258.6560 0011209 341.1262  18.9543 14.97183150 47031
1 54228U 22147B   23258.75144602  .00007640  00000+0  66457-3 0  9993
2 54228  97.6559 258.8524 0011184 340.4565  19.6227 14.97186352 47060
1 54228U 22147B   23259.55344345  .00007301  00000+0  63516-3 0  9995
2 54228  97.6564 259.6382 0011116 337.7426  22.3312 14.97199183 47182
1 54228U 22147B   23259.75394200  .00007413  00000+0  64478-3 0  9994
2 54228  97.6565 259.8346 0011096 337.0565  23.0160 14.97202033 47211
1 54228U 22147B   23260.55593060  .00011464  00000+0  99336-3 0  9991
2 54228  97.6568 260.6204 0011006 334.2754  25.7919 14.97221577 47335
1 54228U 22147B   23260.75642613  .00012298  00000+0  10650-2 0  9999
2 54228  97.6569 260.8168 0010987 333.5826  26.4835 14.97226514 47360
1 54228U 22147B   23261.55840608  .00009907  00000+0  85897-3 0  9991
2 54228  97.6570 261.6023 0010842 330.8701  29.1915 14.97236676 47485
1 54228U 22147B   23261.89256124  .00010639  00000+0  92181-3 0  9990
2 54228  97.6573 261.9298 0010824 329.6090  30.4503 14.97244385 47532
1 54228U 22147B   23262.76135471  .00010941  00000+0  94730-3 0  9996
2 54228  97.6578 262.7810 0010687 326.3833  33.6709 14.97265953 47663
1 54228U 22147B   23263.56330812  .00009679  00000+0  83834-3 0  9990
2 54228  97.6584 263.5669 0010671 323.4044  36.6448 14.97284290 47787
1 54228U 22147B   23263.89745312  .00008555  00000+0  74161-3 0  9996
2 54228  97.6584 263.8946 0010704 322.3827  37.6645 14.97289575 47839
1 54228U 22147B   23263.96428178  .00008614  00000+0  74661-3 0  9993
2 54228  97.6585 263.9600 0010673 322.0554  37.9915 14.97291228 47849
1 54228U 22147B   23264.56573876  .00008019  00000+0  69534-3 0  9998
2 54228  97.6586 264.5494 0010629 319.6892  40.3541 14.97301137 47930
1 54228U 22147B   23264.89987965  .00008553  00000+0  74111-3 0  9992
2 54228  97.6587 264.8768 0010611 318.2013  41.8398 14.97307310 47989
1 54228U 22147B   23264.96670760  .00008664  00000+0  75058-3 0  9996
2 54228  97.6587 264.9423 0010624 317.9623  42.0783 14.97308807 47999
1 54228U 22147B   23265.56815808  .00008338  00000+0  72246-3 0  9991
2 54228  97.6588 265.5317 0010597 315.5377  44.4993 14.97318218 48085
1 54228U 22147B   23265.90229521  .00009054  00000+0  78385-3 0  9996
2 54228  97.6587 265.8592 0010602 314.1364  45.8985 14.97324917 48135
1 54228U 22147B   23265.96912238  .00009249  00000+0  80053-3 0  9997
2 54228  97.6587 265.9246 0010597 313.8615  46.1731 14.97326557 48146
1 54228U 22147B   23266.57056546  .00008614  00000+0  74579-3 0  9997
2 54228  97.6586 266.5141 0010582 311.4583  48.5730 14.97336194 48231
1 54228U 22147B   23266.97152501  .00008774  00000+0  75938-3 0  9996
2 54228  97.6585 266.9071 0010595 309.7904  50.2385 14.97343695 48293
1 54228U 22147B   23267.57296065  .00008711  00000+0  75374-3 0  9992
2 54228  97.6583 267.4966 0010553 307.0977  52.9280 14.97354563 48384
1 54228U 22147B   23267.90708996  .00008537  00000+0  73877-3 0  9992
2 54228  97.6582 267.8241 0010579 305.7729  54.2509 14.97359989 48433
1 54228U 22147B   23267.97391573  .00008475  00000+0  73336-3 0  9999
2 54228  97.6581 267.8897 0010569 305.4801  54.5434 14.97361042 48440
1 54228U 22147B   23268.24121665  .00014263  00000+0  12294-2 0  9990
2 54228  97.6580 268.1517 0010592 304.5007  55.5214 14.97375932 48480
1 54228U 22147B   23268.50851795  .00010877  00000+0  93915-3 0  9990
2 54228  97.6579 268.4137 0010582 303.4121  56.6088 14.97375771 48520
1 54228U 22147B   23268.90946710  .00011052  00000+0  95395-3 0  9996
2 54228  97.6577 268.8068 0010588 301.7214  58.2975 14.97384394 48585
1 54228U 22147B   23268.97629173  .00010768  00000+0  92958-3 0  9999
2 54228  97.6577 268.8722 0010538 301.2692  58.7497 14.97385782 48599
1 54228U 22147B   23269.51088635  .00010983  00000+0  94773-3 0  9998
2 54228  97.6573 269.3964 0010581 299.2289  60.7874 14.97397998 48678
1 54228U 22147B   23269.57771035  .00010963  00000+0  94598-3 0  9990
2 54228  97.6573 269.4619 0010575 298.9203  61.0958 14.97399457 48681
1 54228U 22147B   23269.97865295  .00010987  00000+0  94781-3 0  9996
2 54228  97.6571 269.8549 0010552 297.2724  62.7423 14.97408797 48740
1 54228U 22147B   23270.51324010  .00009014  00000+0  77856-3 0  9996
2 54228  97.6569 270.3789 0010598 295.1002  64.9120 14.97417456 48825
1 54228U 22147B   23270.98100069  .00008444  00000+0  72950-3 0  9999
2 54228  97.6567 270.8374 0010621 293.1753  66.8349 14.97426322 48899
1 54228U 22147B   23271.58240413  .00007659  00000+0  66206-3 0  9998
2 54228  97.6565 271.4269 0010637 290.5964  69.4117 14.97435268 48980
1 54228U 22147B   23271.91651538  .00007636  00000+0  65996-3 0  9999
2 54228  97.6563 271.7544 0010655 289.2287  70.7781 14.97440811 49039
1 54228U 22147B   23272.51791286  .00008709  00000+0  75168-3 0  9995
2 54228  97.6562 272.3439 0010678 286.7625  73.2425 14.97451854 49123
1 54228U 22147B   23272.98566321  .00008883  00000+0  76642-3 0  9997
2 54228  97.6561 272.8023 0010697 284.8218  75.1818 14.97460157 49194
1 54228U 22147B   23273.72069442  .00008440  00000+0  72830-3 0  9996
2 54228  97.6561 273.5229 0010736 281.9280  78.0738 14.97472422 49305
1 54228U 22147B   23274.52253749  .00010167  00000+0  87565-3 0  9990
2 54228  97.6562 274.3086 0010721 278.6199  81.3808 14.97491811 49423
1 54228U 22147B   23274.72299693  .00010169  00000+0  87573-3 0  9991
2 54228  97.6562 274.5049 0010759 278.0239  81.9763 14.97495634 49450
1 54228U 22147B   23275.79210423  .00010601  00000+0  91207-3 0  9993
2 54228  97.6569 275.5528 0010748 273.3461  86.6531 14.97518827 49616
1 54228U 22147B   23276.59392413  .00010114  00000+0  87011-3 0  9999
2 54228  97.6571 276.3387 0010732 269.9640  90.0353 14.97535534 49732
1 54228U 22147B   23276.79437790  .00010259  00000+0  88246-3 0  9990
2 54228  97.6574 276.5352 0010711 269.0482  90.9513 14.97539580 49766
1 54228U 22147B   23277.59618604  .00011801  00000+0  10136-2 0  9990
2 54228  97.6574 277.3210 0010697 265.6339  94.3661 14.97559217 49888
1 54228U 22147B   23277.93026970  .00011738  00000+0  10080-2 0  9994
2 54228  97.6574 277.6484 0010695 264.2370  95.7633 14.97567330 49937
1 54228U 22147B   23277.99708619  .00011665  00000+0  10017-2 0  9996
2 54228  97.6574 277.7139 0010699 264.0106  95.9897 14.97568974 49944
1 54228U 22147B   23278.53161531  .00013287  00000+0  11396-2 0  9996
2 54228  97.6575 278.2378 0010673 261.7432  98.2579 14.97584306 50025
1 54228U 22147B   23278.73206242  .00013368  00000+0  11464-2 0  9993
2 54228  97.6575 278.4341 0010670 260.8871  99.1144 14.97589434 50059
1 54228U 22147B   23278.99932414  .00012510  00000+0  10731-2 0  9992
2 54228  97.6574 278.6961 0010659 259.8128 100.1892 14.97596015 50098
1 54228U 22147B   23279.53384421  .00012461  00000+0  10685-2 0  9995
2 54228  97.6574 279.2201 0010646 257.6005 102.4026 14.97609401 50175
1 54228U 22147B   23279.93473137  .00012804  00000+0  10975-2 0  9995
2 54228  97.6573 279.6133 0010586 255.5407 104.4640 14.97619710 50233
1 54228U 22147B   23280.00154558  .00012900  00000+0  11056-2 0  9996
2 54228  97.6573 279.6788 0010581 255.2434 104.7615 14.97621587 50242
1 54228U 22147B   23280.53605706  .00011856  00000+0  10164-2 0  9998
2 54228  97.6572 280.2030 0010556 253.0054 107.0012 14.97633173 50325
1 54228U 22147B   23280.73649769  .00012069  00000+0  10344-2 0  9994
2 54228  97.6572 280.3994 0010559 252.2182 107.7888 14.97638026 50354
1 54228U 22147B   23281.00375090  .00011879  00000+0  10180-2 0  9994
2 54228  97.6571 280.6615 0010550 251.1114 108.8965 14.97644599 50394
1 54228U 22147B   23281.53825372  .00012722  00000+0  10894-2 0  9995
2 54228  97.6571 281.1856 0010526 248.8550 111.1548 14.97658304 50479
1 54228U 22147B   23281.87231543  .00012966  00000+0  11099-2 0  9991
2 54228  97.6570 281.5132 0010513 247.4216 112.5894 14.97667073 50527
1 54228U 22147B   23282.00593960  .00012809  00000+0  10965-2 0  9998
2 54228  97.6570 281.6442 0010507 246.8667 113.1449 14.97670546 50542
1 54228U 22147B   23282.54043360  .00011941  00000+0  10223-2 0  9994
2 54228  97.6569 282.1683 0010499 244.6822 115.3314 14.97682695 50624
1 54228U 22147B   23282.87448984  .00012735  00000+0  10896-2 0  9999
2 54228  97.6569 282.4959 0010472 243.0510 116.9643 14.97692006 50675
1 54228U 22147B   23283.00811139  .00013291  00000+0  11367-2 0  9993
2 54228  97.6570 282.6270 0010483 242.5588 117.4569 14.97696757 50698
1 54228U 22147B   23283.54259558  .00013446  00000+0  11495-2 0  9997
2 54228  97.6569 283.1512 0010464 240.2471 119.7710 14.97711127 50777
1 54228U 22147B   23283.87664572  .00012263  00000+0  10487-2 0  9995
2 54228  97.6569 283.4789 0010476 238.9137 121.1057 14.97718610 50823
1 54228U 22147B   23284.01026511  .00012230  00000+0  10458-2 0  9999
2 54228  97.6569 283.6100 0010480 238.3665 121.6535 14.97722474 50848
1 54228U 22147B   23284.54474013  .00012062  00000+0  10312-2 0  9993
2 54228  97.6568 284.1340 0010473 236.0990 123.9236 14.97735777 50929
1 54228U 22147B   23285.01240198  .00012830  00000+0  10961-2 0  9994
2 54228  97.6568 284.5926 0010476 234.0935 125.9316 14.97748343 50994
1 54228U 22147B   23285.54686835  .00012368  00000+0  10565-2 0  9990
2 54228  97.6567 285.1167 0010484 231.9155 128.1123 14.97760701 51079
1 54228U 22147B   23285.94771520  .00012680  00000+0  10827-2 0  9998
2 54228  97.6566 285.5099 0010487 230.1599 129.8701 14.97770863 51139
1 54228U 22147B   23286.01452259  .00012974  00000+0  11076-2 0  9995
2 54228  97.6567 285.5754 0010493 229.9224 130.1079 14.97773036 51145
1 54228U 22147B   23286.54897999  .00014194  00000+0  12106-2 0  9998
2 54228  97.6568 286.0995 0010506 227.7923 132.2408 14.97787710 51228
1 54228U 22147B   23286.88301286  .00015916  00000+0  13562-2 0  9994
2 54228  97.6569 286.4271 0010496 226.2463 133.7892 14.97799136 51274
1 54228U 22147B   23287.01662538  .00015795  00000+0  13458-2 0  9999
2 54228  97.6569 286.5581 0010494 225.6696 134.3667 14.97803079 51299
1 54228U 22147B   23287.55107303  .00012984  00000+0  11073-2 0  9990
2 54228  97.6570 287.0821 0010529 223.7040 136.3350 14.97814163 51371
1 54228U 22147B   23287.88510030  .00012106  00000+0  10326-2 0  9997
2 54228  97.6571 287.4097 0010543 222.3881 137.6527 14.97821883 51428
1 54228U 22147B   23288.01871065  .00012011  00000+0  10245-2 0  9996
2 54228  97.6572 287.5407 0010548 221.8529 138.1888 14.97825363 51448
1 54228U 22147B   23288.55315012  .00010375  00000+0  88557-3 0  9993
2 54228  97.6573 288.0648 0010569 219.8041 140.2407 14.97835286 51526
1 54228U 22147B   23288.88717280  .00010339  00000+0  88236-3 0  9996
2 54228  97.6575 288.3923 0010582 218.5752 141.4716 14.97842192 51572
1 54228U 22147B   23289.28799817  .00010322  00000+0  88079-3 0  9994
2 54228  97.6577 288.7854 0010598 217.0207 143.0285 14.97849795 51639
1 54228U 22147B   23289.55521394  .00009990  00000+0  85248-3 0  9991
2 54228  97.6578 289.0474 0010604 215.9330 144.1180 14.97855038 51671
1 54228U 22147B   23290.42365881  .00009463  00000+0  80752-3 0  9996
2 54228  97.6581 289.8990 0010647 212.6517 147.4048 14.97871233 51803
1 54228U 22147B   23290.49046175  .00010055  00000+0  85763-3 0  9991
2 54228  97.6581 289.9645 0010648 212.4031 147.6539 14.97873565 51819
1 54228U 22147B   23291.49250082  .00009962  00000+0  84931-3 0  9997
2 54228  97.6586 290.9473 0010739 208.8480 151.2150 14.97892336 51966
1 54228U 22147B   23293.49653534  .00010372  00000+0  88300-3 0  9999
2 54228  97.6593 292.9132 0010943 201.5679 158.5084 14.97936124 52269
1 54228U 22147B   23294.49853117  .00008780  00000+0  74795-3 0  9992
2 54228  97.6597 293.8963 0011009 198.3439 161.7388 14.97954949 52411
1 54228U 22147B   23294.96612466  .00008476  00000+0  72215-3 0  9991
2 54228  97.6604 294.3552 0011105 196.6823 163.4035 14.97963717 52483
1 54228U 22147B   23295.50051345  .00007478  00000+0  63761-3 0  9992
2 54228  97.6604 294.8796 0011173 194.8885 165.2010 14.97973405 52568
1 54228U 22147B   23295.56731189  .00007335  00000+0  62548-3 0  9993
2 54228  97.6603 294.9451 0011176 194.6883 165.4016 14.97974365 52570
1 54228U 22147B   23295.90130305  .00008706  00000+0  74115-3 0  9990
2 54228  97.6603 295.2730 0011212 193.5120 166.5803 14.97982684 52622
1 54228U 22147B   23296.50248442  .00006450  00000+0  55049-3 0  9998
2 54228  97.6602 295.8630 0011255 191.5736 168.5229 14.97989654 52712
1 54228U 22147B   23296.90327029  .00007143  00000+0  60892-3 0  9993
2 54228  97.6601 296.2563 0011274 190.3401 169.7592 14.97996391 52776
1 54228U 22147B   23297.50444653  .00005798  00000+0  49519-3 0  9990
2 54228  97.6598 296.8461 0011360 188.5967 171.5063 14.98002606 52868
1 54228U 22147B   23298.57319720  .00005364  00000+0  45836-3 0  9991
2 54228  97.6591 297.8946 0011495 185.3729 174.7372 14.98015062 53027
1 54228U 22147B   23298.90717987  .00006152  00000+0  52486-3 0  9990
2 54228  97.6589 298.2223 0011551 184.3845 175.7278 14.98020219 53079
1 54228U 22147B   23299.57514234  .00006474  00000+0  55190-3 0  9996
2 54228  97.6587 298.8777 0011633 182.4995 177.6171 14.98029245 53175
1 54228U 22147B   23299.90912152  .00007332  00000+0  62421-3 0  9993
2 54228  97.6585 299.2053 0011668 181.4972 178.6217 14.98035715 53224
1 54228U 22147B   23299.97591741  .00007612  00000+0  64774-3 0  9991
2 54228  97.6585 299.2708 0011715 181.3053 178.8141 14.98036577 53239
1 54228U 22147B   23300.44348560  .00009388  00000+0  79732-3 0  9997
2 54228  97.6582 299.7295 0011786 179.9251 180.1975 14.98047237 53307
1 54228U 22147B   23300.91105168  .00008348  00000+0  70954-3 0  9996
2 54228  97.6580 300.1881 0011843 178.5249 181.6011 14.98053492 53373
1 54228U 22147B   23300.97784665  .00008259  00000+0  70203-3 0  9995
2 54228  97.6579 300.2537 0011826 178.3361 181.7902 14.98054592 53387
1 54228U 22147B   23301.57899908  .00008199  00000+0  69676-3 0  9994
2 54228  97.6577 300.8435 0011876 176.6664 183.4640 14.98064605 53474
1 54228U 22147B   23301.91297048  .00009271  00000+0  78697-3 0  9994
2 54228  97.6577 301.1715 0011826 175.7405 184.3920 14.98072194 53526
1 54228U 22147B   23301.97976447  .00009442  00000+0  80133-3 0  9995
2 54228  97.6576 301.2371 0011829 175.5776 184.5553 14.98073859 53530
1 54228U 22147B   23302.58090928  .00009783  00000+0  82982-3 0  9996
2 54228  97.6574 301.8267 0011905 173.8394 186.2977 14.98085078 53625
1 54228U 22147B   23302.91487633  .00009849  00000+0  83519-3 0  9996
2 54228  97.6573 302.1543 0011928 172.9370 187.2023 14.98091655 53670
1 54228U 22147B   23302.98166954  .00009889  00000+0  83856-3 0  9991
2 54228  97.6572 302.2198 0011934 172.7462 187.3935 14.98093155 53684
1 54228U 22147B   23303.91676938  .00009579  00000+0  81204-3 0  9994
2 54228  97.6572 303.1371 0012034 170.1621 189.9839 14.98110476 53821
1 54228U 22147B   23304.51790011  .00008023  00000+0  68095-3 0  9996
2 54228  97.6572 303.7267 0012099 168.4401 191.7102 14.98118483 53918
1 54228U 22147B   23304.58469218  .00008033  00000+0  68178-3 0  9998
2 54228  97.6572 303.7922 0012106 168.2420 191.9087 14.98119504 53924
1 54228U 22147B   23304.91865178  .00007897  00000+0  67020-3 0  9992
2 54228  97.6572 304.1198 0012122 167.3143 192.8387 14.98124625 53972
1 54228U 22147B   23305.51977589  .00007623  00000+0  64704-3 0  9992
2 54228  97.6573 304.7095 0012191 165.5139 194.6435 14.98134201 54062
1 54228U 22147B   23305.58656725  .00007593  00000+0  64448-3 0  9996
2 54228  97.6573 304.7750 0012195 165.3112 194.8468 14.98135127 54070
1 54228U 22147B   23305.92052300  .00007970  00000+0  67604-3 0  9999
2 54228  97.6573 305.1026 0012230 164.3258 195.8346 14.98141283 54123
1 54228U 22147B   23306.52164022  .00008219  00000+0  69679-3 0  9992
2 54228  97.6574 305.6923 0012323 162.5331 197.6317 14.98152093 54219
1 54228U 22147B   23306.58843078  .00008160  00000+0  69181-3 0  9996
2 54228  97.6573 305.7578 0012328 162.3312 197.8342 14.98153052 54224
1 54228U 22147B   23306.92238281  .00008027  00000+0  68050-3 0  9994
2 54228  97.6572 306.0855 0012363 161.3208 198.8471 14.98158514 54274
1 54228U 22147B   23307.59028244  .00009052  00000+0  76642-3 0  9999
2 54228  97.6573 306.7408 0012468 159.2484 200.9247 14.98172202 54371
1 54228U 22147B   23307.72386177  .00009037  00000+0  76508-3 0  9990
2 54228  97.6574 306.8719 0012481 158.8459 201.3282 14.98174351 54393
1 54228U 22147B   23307.92423046  .00008636  00000+0  73133-3 0  9994
2 54228  97.6573 307.0685 0012500 158.2316 201.9440 14.98177343 54425
1 54228U 22147B   23308.59212194  .00009151  00000+0  77437-3 0  9992
2 54228  97.6573 307.7237 0012590 156.1638 204.0170 14.98190471 54520
1 54228U 22147B   23308.72569964  .00009314  00000+0  78794-3 0  9995
2 54228  97.6572 307.8548 0012612 155.7403 204.4416 14.98192923 54548
1 54228U 22147B   23308.92606532  .00010940  00000+0  92432-3 0  9992
2 54228  97.6572 308.0514 0012639 155.1206 205.0628 14.98199634 54579
1 54228U 22147B   23309.59394577  .00012170  00000+0  10270-2 0  9995
2 54228  97.6573 308.7067 0012738 153.0490 207.1396 14.98216925 54671
1 54228U 22147B   23309.92788152  .00022949  00000+0  19282-2 0  9995
2 54228  97.6574 309.0344 0012783 151.9851 208.2062 14.98240488 54721
1 54228U 22147B   23309.99466808  .00023280  00000+0  19557-2 0  9997
2 54228  97.6574 309.0999 0012792 151.7659 208.4259 14.98243755 54732
1 54228U 22147B   23310.59574395  .00019335  00000+0  16252-2 0  9991
2 54228  97.6572 309.6896 0012868 149.8946 210.3019 14.98262573 54828
1 54228U 22147B   23310.92967190  .00014238  00000+0  11987-2 0  9994
2 54228  97.6572 310.0173 0012917 148.8353 211.3639 14.98268865 54872
1 54228U 22147B   23311.59752069  .00011088  00000+0  93458-3 0  9999
2 54228  97.6571 310.6727 0013029 146.5850 213.6197 14.98285901 54979
1 54228U 22147B   23311.73108983  .00010874  00000+0  91653-3 0  9992
2 54228  97.6570 310.8038 0013048 146.1281 214.0777 14.98288704 54995
1 54228U 22147B   23312.53249779  .00010716  00000+0  90287-3 0  9997
2 54228  97.6568 311.5902 0013174 143.5841 216.6281 14.98308091 55118
1 54228U 22147B   23312.73284854  .00010614  00000+0  89423-3 0  9999
2 54228  97.6568 311.7869 0013213 142.9250 217.2888 14.98311946 55149
1 54228U 22147B   23312.93319851  .00010485  00000+0  88329-3 0  9997
2 54228  97.6567 311.9835 0013239 142.3067 217.9085 14.98316606 55178
1 54228U 22147B   23313.53424560  .00009981  00000+0  84084-3 0  9991
2 54228  97.6563 312.5734 0013327 140.3273 219.8927 14.98328399 55262
1 54228U 22147B   23313.73459363  .00009818  00000+0  82714-3 0  9999
2 54228  97.6563 312.7700 0013368 139.6740 220.5476 14.98331969 55290
1 54228U 22147B   23313.93494112  .00009413  00000+0  79320-3 0  9992
2 54228  97.6562 312.9666 0013392 139.0292 221.1940 14.98335779 55325
1 54228U 22147B   23314.53598070  .00009408  00000+0  79248-3 0  9990
2 54228  97.6560 313.5564 0013485 137.0760 223.1518 14.98346990 55418
1 54228U 22147B   23315.00345342  .00007952  00000+0  67062-3 0  9998
2 54228  97.6557 314.0150 0013548 135.4976 224.7337 14.98352800 55482
1 54228U 22147B   23315.53770487  .00008434  00000+0  71075-3 0  9993
2 54228  97.6557 314.5392 0013642 133.7299 226.5056 14.98362558 55567
1 54228U 22147B   23315.93839148  .00007430  00000+0  62669-3 0  9991
2 54228  97.6556 314.9323 0013712 132.4107 227.8278 14.98367434 55621
1 54228U 22147B   23316.00517245  .00007390  00000+0  62334-3 0  9995
2 54228  97.6556 314.9979 0013723 132.1913 228.0478 14.98368465 55633
1 54228U 22147B   23316.53941861  .00008748  00000+0  73666-3 0  9996
2 54228  97.6558 315.5222 0013815 130.4739 229.7690 14.98378638 55718
1 54228U 22147B   23316.94010109  .00007943  00000+0  66932-3 0  9997
2 54228  97.6557 315.9152 0013866 129.1775 231.0681 14.98383579 55776
1 54228U 22147B   23317.00688142  .00007910  00000+0  66651-3 0  9995
2 54228  97.6557 315.9808 0013884 128.9538 231.2924 14.98384540 55780
1 54228U 22147B   23317.54112163  .00008185  00000+0  68929-3 0  9994
2 54228  97.6558 316.5050 0013973 127.2721 232.9778 14.98393555 55862
1 54228U 22147B   23317.94179964  .00008373  00000+0  70491-3 0  9996
2 54228  97.6559 316.8983 0014030 126.0106 234.2419 14.98400341 55926
1 54228U 22147B   23318.00857922  .00008267  00000+0  69604-3 0  9997
2 54228  97.6559 316.9637 0014041 125.7898 234.4632 14.98401283 55935
1 54228U 22147B   23318.54281383  .00007093  00000+0  59789-3 0  9997
2 54228  97.6561 317.4881 0014112 124.0402 236.2163 14.98408082 56010
1 54228U 22147B   23318.74315128  .00007034  00000+0  59289-3 0  9994
2 54228  97.6561 317.6847 0014133 123.3697 236.8880 14.98410573 56048
1 54228U 22147B   23319.01026667  .00007451  00000+0  62760-3 0  9993
2 54228  97.6562 317.9468 0014166 122.5400 237.7193 14.98415816 56086
1 54228U 22147B   23319.54449591  .00007215  00000+0  60779-3 0  9992
2 54228  97.6564 318.4711 0014234 120.7625 239.5001 14.98423479 56161
1 54228U 22147B   23319.94516602  .00007560  00000+0  63644-3 0  9991
2 54228  97.6565 318.8642 0014271 119.5241 240.7407 14.98429695 56227
1 54228U 22147B   23320.47939065  .00006710  00000+0  56539-3 0  9994
2 54228  97.6567 319.3885 0014336 117.8215 242.4462 14.98436083 56306
1 54228U 22147B   23320.94683497  .00006603  00000+0  55639-3 0  9992
2 54228  97.6568 319.8472 0014385 116.4056 243.8645 14.98442220 56371
1 54228U 22147B   23321.48105519  .00006081  00000+0  51274-3 0  9997
2 54228  97.6567 320.3714 0014434 114.7402 245.5325 14.98447997 56456
1 54228U 22147B   23321.54783260  .00005795  00000+0  48886-3 0  9995
2 54228  97.6569 320.4370 0014444 114.5045 245.7685 14.98448275 56461
1 54228U 22147B   23321.94849608  .00005688  00000+0  47987-3 0  9990
2 54228  97.6574 320.8302 0014501 113.2554 247.0197 14.98453038 56524
1 54228U 22147B   23322.48271257  .00005538  00000+0  46729-3 0  9996
2 54228  97.6578 321.3546 0014550 111.5481 248.7294 14.98458565 56603
1 54228U 22147B   23322.74981987  .00005723  00000+0  48266-3 0  9997
2 54228  97.6580 321.6168 0014580 110.7436 249.5351 14.98461832 56641
1 54228U 22147B   23323.55113895  .00005952  00000+0  50168-3 0  9990
2 54228  97.6583 322.4034 0014648 108.1976 252.0843 14.98470861 56760
1 54228U 22147B   23323.75146794  .00006160  00000+0  51894-3 0  9995
2 54228  97.6583 322.6000 0014666 107.5837 252.6989 14.98473341 56790
1 54228U 22147B   23323.95179659  .00005275  00000+0  44513-3 0  9999
2 54228  97.6585 322.7967 0014682 106.9211 253.3623 14.98474064 56822
1 54228U 22147B   23324.55278038  .00006452  00000+0  54319-3 0  9990
2 54228  97.6587 323.3867 0014744 105.0819 255.2036 14.98483307 56912
1 54228U 22147B   23324.75310763  .00006608  00000+0  55611-3 0  9993
2 54228  97.6587 323.5833 0014765 104.4601 255.8261 14.98485984 56944
1 54228U 22147B   23324.88665846  .00006600  00000+0  55545-3 0  9990
2 54228  97.6589 323.7145 0014761 104.0692 256.2172 14.98488106 56963
1 54228U 22147B   23325.55441151  .00008418  00000+0  70668-3 0  9998
2 54228  97.6589 324.3701 0014800 102.0059 258.2823 14.98500932 57066
1 54228U 22147B   23325.88828601  .00009490  00000+0  79572-3 0  9997
2 54228  97.6590 324.6979 0014818 100.9795 259.3095 14.98508181 57114
1 54228U 22147B   23325.95506067  .00009571  00000+0  80243-3 0  9991
2 54228  97.6590 324.7635 0014823 100.8303 259.4589 14.98509538 57121
1 54228U 22147B   23326.55602954  .00012073  00000+0  10102-2 0  9997
2 54228  97.6590 325.3536 0014848  98.9741 261.3163 14.98524592 57215
1 54228U 22147B   23326.88989928  .00011700  00000+0  97904-3 0  9994
2 54228  97.6590 325.6815 0014855  97.6761 262.6149 14.98530615 57260
1 54228U 22147B   23326.95667279  .00011861  00000+0  99242-3 0  9999
2 54228  97.6590 325.7470 0014856  97.4529 262.8382 14.98532588 57272
1 54228U 22147B   23327.55763151  .00011188  00000+0  93612-3 0  9999
2 54228  97.6590 326.3370 0014886  95.3537 264.9384 14.98546515 57367
1 54228U 22147B   23327.95826720  .00010527  00000+0  88094-3 0  9999
2 54228  97.6590 326.7303 0014905  94.5712 265.7213 14.98556505 57422
1 54228U 22147B   23328.55921656  .00010804  00000+0  90363-3 0  9990
2 54228  97.6590 327.3203 0014903  92.6241 267.6688 14.98570547 57511
1 54228U 22147B   23328.89307477  .00011709  00000+0  97852-3 0  9991
2 54228  97.6589 327.6480 0014910  91.7365 268.5566 14.98579253 57567
1 54228U 22147B   23328.95984605  .00011839  00000+0  98931-3 0  9995
2 54228  97.6589 327.7135 0014909  91.6554 268.6376 14.98581249 57571
1 54228U 22147B   23329.56078587  .00014577  00000+0  12160-2 0  9997
2 54228  97.6588 328.3036 0014893  89.7623 270.5307 14.98598254 57664
1 54228U 22147B   23329.89463723  .00022789  00000+0  18951-2 0  9991
2 54228  97.6589 328.6313 0014896  88.8832 271.4097 14.98617876 57715
1 54228U 22147B   23329.96140668  .00023404  00000+0  19458-2 0  9997
2 54228  97.6589 328.6969 0014890  88.7833 271.5096 14.98621643 57724
1 54228U 22147B   23330.49556524  .00012811  00000+0  10688-2 0  9995
2 54228  97.6589 329.2213 0014858  87.0374 273.2549 14.98624556 57806
1 54228U 22147B   23330.56233436  .00011881  00000+0  99166-3 0  9992
2 54228  97.6589 329.2869 0014859  86.8855 273.4068 14.98625844 57815
1 54228U 22147B   23330.89617986  .00009857  00000+0  82366-3 0  9998
2 54228  97.6590 329.6147 0014849  85.8801 274.4119 14.98633219 57867
1 54228U 22147B   23331.49709735  .00008488  00000+0  70978-3 0  9994
2 54228  97.6593 330.2042 0014845  83.9574 276.3339 14.98646511 57958
1 54228U 22147B   23331.56386540  .00010178  00000+0  84986-3 0  9990
2 54228  97.6593 330.2699 0014835  83.9334 276.3579 14.98650188 57961
1 54228U 22147B   23331.89770551  .00011066  00000+0  92325-3 0  9998
2 54228  97.6593 330.5978 0014809  83.0447 277.2459 14.98659034 58014
1 54228U 22147B   23332.49861390  .00010495  00000+0  87572-3 0  9990
2 54228  97.6595 331.1878 0014775  81.2429 279.0467 14.98671900 58109
1 54228U 22147B   23332.56538113  .00010709  00000+0  89342-3 0  9997
2 54228  97.6595 331.2534 0014770  81.0768 279.2126 14.98673636 58111
1 54228U 22147B   23333.50011478  .00010607  00000+0  88444-3 0  9991
2 54228  97.6593 332.1717 0014684  78.1603 282.1266 14.98695748 58252
1 54228U 22147B   23333.56688084  .00011797  00000+0  98287-3 0  9997
2 54228  97.6593 332.2372 0014676  78.0020 282.2847 14.98698769 58266
1 54228U 22147B   23334.50159957  .00011610  00000+0  96690-3 0  9994
2 54228  97.6594 333.1553 0014604  75.2511 285.0329 14.98720681 58404
1 54228U 22147B   23335.50307008  .00011753  00000+0  97815-3 0  9995
2 54228  97.6595 334.1388 0014582  71.5434 288.7373 14.98742534 58556
1 54228U 22147B   23335.90365252  .00013547  00000+0  11261-2 0  9997
2 54228  97.6596 334.5321 0014556  70.2350 290.0441 14.98755610 58610
1 54228U 22147B   23336.50451619  .00026812  00000+0  22177-2 0  9994
2 54228  97.6596 335.1220 0014418  68.9922 291.2842 14.98794502 58702
1 54228U 22147B   23336.57128114  .00011867  00000+0  98675-3 0  9993
2 54228  97.6597 335.1877 0014457  68.4879 291.7884 14.98776231 58711
1 54228U 22147B   23336.90509235  .00009485  00000+0  78977-3 0  9993
2 54228  97.6597 335.5156 0014423  67.4243 292.8504 14.98784320 58766
1 54228U 22147B   23337.57271074  .00008181  00000+0  68174-3 0  9994
2 54228  97.6598 336.1712 0014332  65.4798 294.7917 14.98798547 58860
1 54228U 22147B   23337.63947236  .00008200  00000+0  68335-3 0  9992
2 54228  97.6598 336.2368 0014329  65.2454 295.0259 14.98799659 58870
1 54228U 22147B   23338.50736934  .00007689  00000+0  64092-3 0  9996
2 54228  97.6596 337.0896 0014213  62.4945 297.7720 14.98812715 59006
1 54228U 22147B   23338.97469542  .00007195  00000+0  59993-3 0  9991
2 54228  97.6594 337.5490 0014164  61.0055 299.2585 14.98819204 59074
1 54228U 22147B   23339.50877967  .00007289  00000+0  60766-3 0  9999
2 54228  97.6592 338.0736 0014048  59.5211 300.7397 14.98827096 59154
1 54228U 22147B   23339.97610128  .00006905  00000+0  57579-3 0  9996
2 54228  97.6591 338.5327 0013983  58.0058 302.2521 14.98833174 59222
1 54228U 22147B   23340.51018046  .00005971  00000+0  49858-3 0  9992
2 54228  97.6588 339.0574 0013909  56.3045 303.9502 14.98839664 59309
1 54228U 22147B   23340.97749798  .00005859  00000+0  48929-3 0  9990
2 54228  97.6585 339.5164 0013841  54.7733 305.4783 14.98845584 59370
1 54228U 22147B   23341.51157340  .00004512  00000+0  37797-3 0  9993
2 54228  97.6582 340.0410 0013761  53.0783 307.1698 14.98849846 59454
1 54228U 22147B   23342.51296000  .00003977  00000+0  33363-3 0  9990
2 54228  97.6576 341.0248 0013610  49.8987 310.3426 14.98858850 59606
1 54228U 22147B   23342.64647770  .00004408  00000+0  36928-3 0  9998
2 54228  97.6575 341.1559 0013588  49.4858 310.7547 14.98860585 59626
1 54228U 22147B   23343.51434081  .00004133  00000+0  34649-3 0  9997
2 54228  97.6570 342.0080 0013450  46.6270 313.6071 14.98867741 59754
1 54228U 22147B   23344.58247438  .00004011  00000+0  33634-3 0  9991
2 54228  97.6565 343.0567 0013289  43.1081 317.1180 14.98876372 59919
1 54228U 22147B   23344.91626471  .00003830  00000+0  32141-3 0  9996
2 54228  97.6564 343.3845 0013272  41.9146 318.3091 14.98878975 59960
1 54228U 22147B   23345.58384418  .00004331  00000+0  36267-3 0  9992
2 54228  97.6561 344.0401 0013219  39.6845 320.5342 14.98885167 60062
1 54228U 22147B   23345.91763267  .00003824  00000+0  32079-3 0  9995
2 54228  97.6560 344.3677 0013199  38.5045 321.7117 14.98886861 60117
1 54228U 22147B   23346.58520851  .00004590  00000+0  38404-3 0  9998
2 54228  97.6559 345.0231 0013164  36.2269 323.9843 14.98893756 60216
1 54228U 22147B   23346.78548059  .00004731  00000+0  39564-3 0  9995
2 54228  97.6559 345.2197 0013118  35.6124 324.5972 14.98895673 60244
1 54228U 22147B   23346.91899476  .00005563  00000+0  46429-3 0  9994
2 54228  97.6558 345.3508 0013093  35.1895 325.0190 14.98899068 60264
1 54228U 22147B   23347.58656618  .00004871  00000+0  40710-3 0  9995
2 54228  97.6558 346.0063 0012979  33.1446 327.0587 14.98903297 60363
1 54228U 22147B   23347.78683687  .00005001  00000+0  41787-3 0  9994
2 54228  97.6557 346.2030 0012922  32.5480 327.6537 14.98905407 60396
1 54228U 22147B   23347.92035033  .00005042  00000+0  42120-3 0  9993
2 54228  97.6557 346.3340 0012907  32.1145 328.0861 14.98907005 60412
1 54228U 22147B   23348.58791635  .00005219  00000+0  43573-3 0  9992
2 54228  97.6558 346.9895 0012829  29.9169 330.2785 14.98914453 60513
1 54228U 22147B   23348.78818553  .00005269  00000+0  43984-3 0  9994
2 54228  97.6559 347.1861 0012823  29.2023 330.9914 14.98916732 60542
1 54228U 22147B   23348.92169786  .00005133  00000+0  42859-3 0  9997
2 54228  97.6559 347.3172 0012787  28.8403 331.3524 14.98918305 60567
1 54228U 22147B   23349.58925803  .00005528  00000+0  46106-3 0  9997
2 54228  97.6560 347.9728 0012690  26.7557 333.4318 14.98927179 60666
1 54228U 22147B   23349.78952542  .00005630  00000+0  46949-3 0  9998
2 54228  97.6560 348.1694 0012689  26.0002 334.1856 14.98929784 60699
1 54228U 22147B   23349.92303614  .00005785  00000+0  48219-3 0  9997
2 54228  97.6561 348.3005 0012634  25.7086 334.4762 14.98932406 60713
1 54228U 22147B   23350.59058927  .00007143  00000+0  59403-3 0  9993
2 54228  97.6562 348.9560 0012532  23.6772 336.5025 14.98944397 60810
1 54228U 22147B   23350.79085450  .00007282  00000+0  60544-3 0  9998
2 54228  97.6563 349.1527 0012497  23.0541 337.1240 14.98947192 60840
1 54228U 22147B   23350.92436434  .00006528  00000+0  54328-3 0  9990
2 54228  97.6563 349.2837 0012521  22.4809 337.6960 14.98948281 60869
1 54228U 22147B   23351.59191095  .00008607  00000+0  71433-3 0  9991
2 54228  97.6565 349.9394 0012465  20.4753 339.6967 14.98961554 60967
1 54228U 22147B   23351.79217400  .00008705  00000+0  72232-3 0  9999
2 54228  97.6566 350.1360 0012455  19.8649 340.3057 14.98964664 60997
1 54228U 22147B   23351.92568194  .00009918  00000+0  82209-3 0  9995
2 54228  97.6566 350.2671 0012434  19.4631 340.7064 14.98969329 61016
1 54228U 22147B   23352.59321961  .00009921  00000+0  82205-3 0  9998
2 54228  97.6567 350.9228 0012408  17.3727 342.7918 14.98981946 61116
1 54228U 22147B   23352.92698632  .00009366  00000+0  77632-3 0  9998
2 54228  97.6567 351.2506 0012385  16.3186 343.8433 14.98987604 61167
1 54228U 22147B   23353.12724573  .00009025  00000+0  74817-3 0  9999
2 54228  97.6567 351.4473 0012392  15.7180 344.4425 14.98990999 61199
1 54228U 22147B   23353.59451453  .00009128  00000+0  75645-3 0  9998
2 54228  97.6567 351.9063 0012207  14.3618 345.7949 14.99001233 61263
1 54228U 22147B   23354.46229249  .00010077  00000+0  83415-3 0  9990
2 54228  97.6566 352.7587 0012076  11.7592 348.3911 14.99020397 61392
1 54228U 22147B   23354.52904429  .00010186  00000+0  84310-3 0  9993
2 54228  97.6566 352.8243 0012072  11.5182 348.6315 14.99021733 61409
1 54228U 22147B   23354.92955307  .00010959  00000+0  90637-3 0  9995
2 54228  97.6565 353.2178 0012063  10.2959 349.8509 14.99031454 61463
1 54228U 22147B   23355.46356102  .00010769  00000+0  89048-3 0  9996
2 54228  97.6563 353.7425 0011947   8.7961 351.3469 14.99043070 61545
1 54228U 22147B   23355.59706244  .00009978  00000+0  82551-3 0  9998
2 54228  97.6562 353.8736 0011908   8.4229 351.7191 14.99044999 61560
1 54228U 22147B   23355.93081460  .00010090  00000+0  83455-3 0  9993
2 54228  97.6561 354.2014 0011843   7.4725 352.6672 14.99052773 61610
1 54228U 22147B   23356.46481486  .00010001  00000+0  82706-3 0  9994
2 54228  97.6559 354.7260 0011676   6.1008 354.0355 14.99063973 61695
1 54228U 22147B   23356.59831418  .00011311  00000+0  93443-3 0  9997
2 54228  97.6558 354.8571 0011644   5.7271 354.4083 14.99068426 61715
1 54228U 22147B   23356.93206164  .00010593  00000+0  87542-3 0  9993
2 54228  97.6556 355.1848 0011603   4.7823 355.3509 14.99075053 61763
1 54228U 22147B   23357.46605476  .00010049  00000+0  83051-3 0  9998
2 54228  97.6554 355.7094 0011689   3.2125 356.9171 14.99085318 61849
1 54228U 22147B   23357.59955222  .00011389  00000+0  94032-3 0  9998
2 54228  97.6553 355.8407 0011679   2.8337 357.2950 14.99089779 61862
1 54228U 22147B   23357.93329489  .00011303  00000+0  93314-3 0  9994
2 54228  97.6553 356.1684 0011621   1.8703 358.2562 14.99097087 61913
1 54228U 22147B   23358.46727995  .00011027  00000+0  91026-3 0  9998
2 54228  97.6551 356.6928 0011602   0.3897 359.7333 14.99108149 61996
1 54228U 22147B   23358.53402764  .00011889  00000+0  98083-3 0  9996
2 54228  97.6551 356.7584 0011607   0.1982 359.9244 14.99110864 62006
1 54228U 22147B   23358.93451336  .00011315  00000+0  93352-3 0  9997
2 54228  97.6550 357.1520 0011720 359.1440   0.9761 14.99119284 62060
1 54228U 22147B   23359.46849036  .00010247  00000+0  84582-3 0  9992
2 54228  97.6548 357.6765 0011699 357.6782   2.4385 14.99129801 62144
1 54228U 22147B   23359.53523687  .00010913  00000+0  90034-3 0  9990
2 54228  97.6549 357.7419 0011586 357.4815   2.6347 14.99132359 62155
1 54228U 22147B   23359.93571607  .00010551  00000+0  87049-3 0  9999
2 54228  97.6548 358.1353 0011476 356.1736   3.9397 14.99141253 62211
1 54228U 22147B   23360.46968570  .00009580  00000+0  79073-3 0  9996
2 54228  97.6548 358.6597 0011380 354.6201   5.4898 14.99150639 62299
1 54228U 22147B   23360.60317713  .00010255  00000+0  84598-3 0  9998
2 54228  97.6549 358.7908 0011165 354.3592   5.7503 14.99154261 62312
1 54228U 22147B   23360.93690556  .00009539  00000+0  78728-3 0  9994
2 54228  97.6550 359.1186 0011083 353.3674   6.7401 14.99160197 62364
1 54228U 22147B   23361.47086813  .00009445  00000+0  77936-3 0  9995
2 54228  97.6551 359.6431 0011008 351.8160   8.2881 14.99170236 62446
1 54228U 22147B   23361.53761317  .00009759  00000+0  80501-3 0  9991
2 54228  97.6551 359.7086 0010998 351.6140   8.4897 14.99171949 62458
1 54228U 22147B   23361.93808206  .00008952  00000+0  73888-3 0  9998
2 54228  97.6553   0.1016 0010808 350.3071   9.7942 14.99179038 62518
1 54228U 22147B   23362.47203850  .00008491  00000+0  70091-3 0  9993
2 54228  97.6555   0.6261 0010768 348.7428  11.3552 14.99187503 62599
1 54228U 22147B   23362.53878266  .00008600  00000+0  70983-3 0  9991
2 54228  97.6555   0.6918 0010782 348.5414  11.5562 14.99189001 62607
1 54228U 22147B   23362.93924711  .00008044  00000+0  66420-3 0  9995
2 54228  97.6556   1.0851 0010737 347.3232  12.7719 14.99195322 62660
1 54228U 22147B   23363.47319749  .00008231  00000+0  67936-3 0  9995
2 54228  97.6559   1.6097 0010653 345.7498  14.3423 14.99204543 62749
1 54228U 22147B   23363.53994083  .00008176  00000+0  67489-3 0  9993
2 54228  97.6559   1.6753 0010609 345.4580  14.6336 14.99205711 62753
1 54228U 22147B   23363.94040114  .00007966  00000+0  65758-3 0  9998
2 54228  97.6560   2.0688 0010607 344.2736  15.8156 14.99211963 62811
1 54228U 22147B   23364.47434552  .00007944  00000+0  65557-3 0  9993
2 54228  97.6562   2.5932 0010604 342.8472  17.2391 14.99220948 62896
1 54228U 22147B   23364.54108830  .00007797  00000+0  64356-3 0  9990
2 54228  97.6562   2.6588 0010593 342.6305  17.4554 14.99221826 62905
1 54228U 22147B   23364.94154425  .00007489  00000+0  61828-3 0  9994
2 54228  97.6563   3.0521 0010611 341.5507  18.5330 14.99227852 62966
1 54228U 22147B   23365.47548338  .00006928  00000+0  57221-3 0  9992
2 54228  97.6564   3.5768 0010569 340.0454  20.0354 14.99235247 63043
1 54228U 22147B   23365.94267739  .00006939  00000+0  57308-3 0  9995
2 54228  97.6567   4.0359 0010449 338.4720  21.6063 14.99242188 63116
1 54228U 22147B   24001.47661142  .00006918  00000+0  57127-3 0  9993
2 54228  97.6570   4.5606 0010355 336.8225  23.2530 14.99249697 63195
1 54228U 22147B   24001.54335292  .00007135  00000+0  58901-3 0  9998
2 54228  97.6570   4.6261 0010346 336.6276  23.4476 14.99250983 63200
1 54228U 22147B   24001.94380121  .00007877  00000+0  64951-3 0  9998
2 54228  97.6571   5.0195 0010307 335.4871  24.5861 14.99257769 63262
1 54228U 22147B   24002.47772961  .00008469  00000+0  69776-3 0  9992
2 54228  97.6573   5.5443 0010224 333.8611  26.2095 14.99266881 63349
1 54228U 22147B   24002.54447061  .00007745  00000+0  63860-3 0  9994
2 54228  97.6573   5.6099 0010216 333.6669  26.4033 14.99266600 63353
1 54228U 22147B   24002.94491460  .00007653  00000+0  63103-3 0  9998
2 54228  97.6574   6.0034 0010144 332.3493  27.7190 14.99272678 63416
1 54228U 22147B   24003.47883773  .00007033  00000+0  58026-3 0  9999
2 54228  97.6576   6.5282 0010051 330.7119  29.3539 14.99280032 63498
1 54228U 22147B   24003.54557793  .00007153  00000+0  59001-3 0  9994
2 54228  97.6575   6.5936 0010052 330.5051  29.5604 14.99281176 63504
1 54228U 22147B   24003.94601780  .00007641  00000+0  62982-3 0  9998
2 54228  97.6577   6.9868 0009778 328.5432  31.5206 14.99287820 63566
1 54228U 22147B   24004.47993530  .00007436  00000+0  61297-3 0  9994
2 54228  97.6579   7.5116 0009630 326.6396  33.4219 14.99295826 63645
1 54228U 22147B   24004.54667490  .00007180  00000+0  59204-3 0  9996
2 54228  97.6578   7.5773 0009742 326.7077  33.3532 14.99296470 63658
1 54228U 22147B   24004.94711111  .00007109  00000+0  58618-3 0  9999
2 54228  97.6578   7.9707 0009693 325.4653  34.5940 14.99302233 63718
1 54228U 22147B   24005.48102372  .00007280  00000+0  60000-3 0  9990
2 54228  97.6577   8.4953 0009694 324.0056  36.0513 14.99310548 63798
1 54228U 22147B   24005.54776265  .00006846  00000+0  56456-3 0  9992
2 54228  97.6578   8.5610 0009718 323.8460  36.2105 14.99310801 63806
1 54228U 22147B   24005.94819442  .00007695  00000+0  63371-3 0  9998
2 54228  97.6578   8.9546 0009667 322.3845  37.6701 14.99318372 63866
1 54228U 22147B   24006.48210179  .00007054  00000+0  58132-3 0  9998
2 54228  97.6578   9.4793 0009580 320.5200  39.5325 14.99325185 63947
1 54228U 22147B   24006.94926809  .00006918  00000+0  57014-3 0  9999
2 54228  97.6578   9.9387 0009572 319.0961  40.9543 14.99331978 64013
1 54228U 22147B   24007.48316989  .00007273  00000+0  59899-3 0  9999
2 54228  97.6579  10.4637 0009505 317.2244  42.8239 14.99340551 64097
1 54228U 22147B   24007.54990741  .00007744  00000+0  63735-3 0  9997
2 54228  97.6578  10.5294 0009517 317.1181  42.9299 14.99342240 64104
1 54228U 22147B   24007.95033139  .00007776  00000+0  63990-3 0  9999
2 54228  97.6579  10.9229 0009472 315.6734  44.3730 14.99348411 64162
1 54228U 22147B   24008.48422780  .00007501  00000+0  61730-3 0  9998
2 54228  97.6579  11.4476 0009410 313.8308  46.2137 14.99356133 64242
1 54228U 22147B   24008.55096448  .00008084  00000+0  66489-3 0  9997
2 54228  97.6580  11.5133 0009401 313.5693  46.4749 14.99358134 64254
1 54228U 22147B   24008.95138418  .00008512  00000+0  69966-3 0  9994
2 54228  97.6578  11.9071 0009382 312.2423  47.8003 14.99365294 64311
1 54228U 22147B   24009.48527399  .00008937  00000+0  73408-3 0  9990
2 54228  97.6580  12.4321 0009276 310.1746  49.8664 14.99375315 64393
1 54228U 22147B   24009.55200992  .00009361  00000+0  76864-3 0  9996
2 54228  97.6579  12.4976 0009272 309.9602  50.0806 14.99377146 64408
1 54228U 22147B   24009.95242471  .00009180  00000+0  75375-3 0  9993
2 54228  97.6580  12.8912 0009267 308.6584  51.3809 14.99384042 64469
1 54228U 22147B   24010.55304272  .00009704  00000+0  79615-3 0  9992
2 54228  97.6581  13.4815 0009194 306.4429  53.5946 14.99396454 64558
1 54228U 22147B   24011.55406046  .00011533  00000+0  94454-3 0  9996
2 54228  97.6584  14.4653 0009096 302.6076  57.4269 14.99420790 64708
1 54228U 22147B   24011.88772964  .00011594  00000+0  94932-3 0  9995
2 54228  97.6586  14.7933 0009057 301.2737  58.7599 14.99428341 64755
1 54228U 22147B   24012.55506252  .00011561  00000+0  94620-3 0  9993
2 54228  97.6589  15.4493 0009005 299.0450  60.9870 14.99444645 64859
1 54228U 22147B   24012.95545886  .00011363  00000+0  92988-3 0  9998
2 54228  97.6592  15.8429 0008981 297.5970  62.4341 14.99454041 64916
1 54228U 22147B   24013.55604873  .00011680  00000+0  95536-3 0  9991
2 54228  97.6596  16.4334 0008920 295.3325  64.6974 14.99468281 65003
1 54228U 22147B   24014.55701842  .00012965  00000+0  10590-2 0  9999
2 54228  97.6602  17.4177 0008808 290.9626  69.0655 14.99494176 65150
1 54228U 22147B   24014.95740140  .00013583  00000+0  11089-2 0  9998
2 54228  97.6606  17.8117 0008771 289.2668  70.7606 14.99505416 65210
1 54228U 22147B   24015.55797067  .00013071  00000+0  10669-2 0  9990
2 54228  97.6609  18.4023 0008759 286.9008  73.1255 14.99520631 65307
1 54228U 22147B   24016.55890507  .00012549  00000+0  10239-2 0  9996
2 54228  97.6615  19.3868 0008720 282.8544  77.1705 14.99546944 65454
1 54228U 22147B   24016.89254589  .00012513  00000+0  10207-2 0  9993
2 54228  97.6616  19.7151 0008711 281.5520  78.4725 14.99555874 65508
1 54228U 22147B   24017.55982212  .00011988  00000+0  97774-3 0  9998
2 54228  97.6619  20.3715 0008704 278.7307  81.2930 14.99572346 65602
1 54228U 22147B   24017.89345740  .00011958  00000+0  97508-3 0  9996
2 54228  97.6620  20.6997 0008703 277.3802  82.6432 14.99580723 65658
1 54228U 22147B   24018.56072298  .00011983  00000+0  97671-3 0  9995
2 54228  97.6622  21.3564 0008718 275.0077  85.0151 14.99596813 65756
1 54228U 22147B   24018.89435297  .00012336  00000+0  10051-2 0  9992
2 54228  97.6621  21.6848 0008710 273.7570  86.2658 14.99605450 65807
1 54228U 22147B   24019.56160785  .00012083  00000+0  98417-3 0  9996
2 54228  97.6621  22.3412 0008728 271.5183  88.5040 14.99621190 65907
1 54228U 22147B   24019.96195729  .00011708  00000+0  95360-3 0  9993
2 54228  97.6621  22.7351 0008731 269.9399  90.0824 14.99630595 65960
1 54228U 22147B   24020.56247687  .00011147  00000+0  90790-3 0  9991
2 54228  97.6620  23.3259 0008747 267.4560  92.5662 14.99643955 66055
1 54228U 22147B   24020.96282021  .00011157  00000+0  90849-3 0  9992
2 54228  97.6620  23.7198 0008758 265.8060  94.2162 14.99653287 66110
1 54228U 22147B   24021.02954379  .00011202  00000+0  91209-3 0  9994
2 54228  97.6621  23.7854 0008753 265.4828  94.5395 14.99654917 66126
1 54228U 22147B   24021.56333061  .00011577  00000+0  94214-3 0  9996
2 54228  97.6621  24.3106 0008755 263.1919  96.8308 14.99667359 66203
1 54228U 22147B   24021.96366797  .00010523  00000+0  85670-3 0  9998
2 54228  97.6621  24.7046 0008764 261.4120  98.6110 14.99675284 66268
1 54228U 22147B   24022.56416983  .00010382  00000+0  84508-3 0  9990
2 54228  97.6620  25.2955 0008784 259.0603 100.9632 14.99688011 66351
1 54228U 22147B   24022.89777985  .00010186  00000+0  82905-3 0  9999
2 54228  97.6621  25.6237 0008765 257.9090 102.1151 14.99694896 66409
1 54228U 22147B   24022.96450130  .00010301  00000+0  83827-3 0  9990
2 54228  97.6621  25.6893 0008822 257.2347 102.7891 14.99696865 66415
1 54228U 22147B   24023.56499411  .00011287  00000+0  91765-3 0  9996
2 54228  97.6620  26.2802 0008861 254.8502 105.1741 14.99711268 66506
1 54228U 22147B   24023.96531950  .00010783  00000+0  87668-3 0  9992
2 54228  97.6620  26.6740 0008882 253.3105 106.7143 14.99720224 66568
1 54228U 22147B   24024.56580333  .00010990  00000+0  89307-3 0  9990
2 54228  97.6619  27.2650 0008924 250.9029 109.1229 14.99733774 66654
1 54228U 22147B   24024.89940318  .00010282  00000+0  83580-3 0  9990
2 54228  97.6619  27.5933 0008947 249.3795 110.6469 14.99740296 66704
1 54228U 22147B   24025.56659871  .00010301  00000+0  83702-3 0  9994
2 54228  97.6620  28.2498 0009012 246.6729 113.3546 14.99753768 66806
1 54228U 22147B   24025.96691326  .00011597  00000+0  94131-3 0  9995
2 54228  97.6620  28.6436 0009039 245.2155 114.8128 14.99763150 66863
1 54228U 22147B   24026.56738131  .00009671  00000+0  78582-3 0  9990
2 54228  97.6620  29.2346 0009085 243.5028 116.5264 14.99772411 66951
1 54228U 22147B   24027.56815129  .00009899  00000+0  80382-3 0  9997
2 54228  97.6621  30.2197 0009179 239.6290 120.4026 14.99791932 67106
1 54228U 22147B   24027.90173843  .00009680  00000+0  78601-3 0  9994
2 54228  97.6622  30.5480 0009199 238.2821 121.7506 14.99797964 67155
1 54228U 22147B   24028.56890965  .00008630  00000+0  70121-3 0  9991
2 54228  97.6623  31.2048 0009238 235.7779 124.2569 14.99808070 67251
1 54228U 22147B   24028.96920971  .00008749  00000+0  71064-3 0  9994
2 54228  97.6623  31.5987 0009301 234.4260 125.6097 14.99815170 67315
1 54228U 22147B   24029.50294002  .00009465  00000+0  76809-3 0  9992
2 54228  97.6628  32.1239 0009397 232.4553 127.5817 14.99825773 67394
1 54228U 22147B   24029.96995172  .00008690  00000+0  70554-3 0  9998
2 54228  97.6628  32.5837 0009456 230.7708 129.2676 14.99832487 67461
1 54228U 22147B   24030.57039154  .00008689  00000+0  70527-3 0  9994
2 54228  97.6629  33.1745 0009531 228.6786 131.3618 14.99842919 67554
1 54228U 22147B   24030.97068259  .00007758  00000+0  63020-3 0  9992
2 54228  97.6629  33.5685 0009583 227.3586 132.6830 14.99848253 67616
1 54228U 22147B   24031.50440132  .00008020  00000+0  65113-3 0  9994
2 54228  97.6630  34.0938 0009647 225.4746 134.5690 14.99857514 67696
1 54228U 22147B   24031.97140304  .00007456  00000+0  60563-3 0  9999
2 54228  97.6630  34.5536 0009684 224.0016 136.0437 14.99863837 67760
1 54228U 22147B   24032.50511673  .00007309  00000+0  59365-3 0  9995
2 54228  97.6630  35.0788 0009721 222.3651 137.6822 14.99871686 67848
1 54228U 22147B   24033.50582238  .00006905  00000+0  56089-3 0  9992
2 54228  97.6625  36.0639 0009885 218.8328 141.2186 14.99885669 67996
1 54228U 22147B   24033.57253575  .00007199  00000+0  58457-3 0  9995
2 54228  97.6625  36.1296 0009887 218.5481 141.5037 14.99887022 68001
1 54228U 22147B   24033.90610191  .00007069  00000+0  57397-3 0  9991
2 54228  97.6624  36.4580 0009936 217.4941 142.5591 14.99891660 68057
1 54228U 22147B   24034.50651907  .00006809  00000+0  55296-3 0  9995
2 54228  97.6621  37.0491 0009987 215.3600 144.6962 14.99899518 68142
1 54228U 22147B   24034.57323171  .00007301  00000+0  59251-3 0  9994
2 54228  97.6621  37.1148 0010004 215.1273 144.9292 14.99901221 68153
1 54228U 22147B   24034.90679470  .00007238  00000+0  58739-3 0  9996
2 54228  97.6619  37.4432 0010081 214.0413 146.0164 14.99905882 68202
1 54228U 22147B   24035.50720555  .00008242  00000+0  66793-3 0  9999
2 54228  97.6616  38.0344 0010145 212.1240 147.9366 14.99916280 68293
1 54228U 22147B   24035.57391755  .00008550  00000+0  69264-3 0  9990
2 54228  97.6615  38.1000 0010156 211.9051 148.1558 14.99917752 68304
1 54228U 22147B   24035.90747715  .00008293  00000+0  67191-3 0  9999
2 54228  97.6614  38.4283 0010200 210.7554 149.3073 14.99922522 68355
1 54228U 22147B   24036.50788117  .00009014  00000+0  72956-3 0  9994
2 54228  97.6611  39.0192 0010288 208.8663 151.1993 14.99933597 68449
1 54228U 22147B   24036.57459248  .00009110  00000+0  73729-3 0  9997
2 54228  97.6610  39.0848 0010293 208.6776 151.3883 14.99934785 68456
1 54228U 22147B   24036.90814793  .00009231  00000+0  74686-3 0  9991
2 54228  97.6608  39.4131 0010328 207.7319 152.3355 14.99940920 68503
1 54228U 22147B   24037.57525457  .00009775  00000+0  79021-3 0  9992
2 54228  97.6603  40.0698 0010460 205.4496 154.6213 14.99954398 68605
1 54228U 22147B   24037.90880549  .00010549  00000+0  85218-3 0  9991
2 54228  97.6601  40.3981 0010491 204.4831 155.5896 14.99962273 68650
1 54228U 22147B   24038.57590299  .00009979  00000+0  80615-3 0  9996
2 54228  97.6598  41.0546 0010595 202.3751 157.7011 14.99975215 68757
1 54228U 22147B   24038.90944933  .00010370  00000+0  83733-3 0  9992
2 54228  97.6597  41.3828 0010628 201.3598 158.7184 14.99982748 68804
1 54228U 22147B   24039.57653825  .00010228  00000+0  82564-3 0  9996
2 54228  97.6595  42.0391 0010675 199.3528 160.7291 14.99995424 68904
1 54228U 22147B   24039.91008008  .00010939  00000+0  88248-3 0  9995
2 54228  97.6595  42.3672 0010742 198.3680 161.7157 15.00003256 68955
1 54228U 22147B   24040.57715962  .00010337  00000+0  83391-3 0  9999
2 54228  97.6593  43.0236 0010832 196.3773 163.7102 15.00016074 69054
1 54228U 22147B   24041.57776728  .00010899  00000+0  87840-3 0  9993
2 54228  97.6591  44.0083 0010965 193.3850 166.7084 15.00037265 69207
1 54228U 22147B   24041.91130014  .00012554  00000+0  10106-2 0  9993
2 54228  97.6592  44.3366 0011009 192.3258 167.7698 15.00045973 69258
1 54228U 22147B   24042.57836038  .00012836  00000+0  10327-2 0  9993
2 54228  97.6590  44.9934 0011129 190.1210 169.9791 15.00061238 69351
1 54228U 22147B   24042.91188780  .00011724  00000+0  94361-3 0  9991
2 54228  97.6591  45.3217 0011163 189.0915 171.0108 15.00068193 69407
1 54228U 22147B   24043.57893636  .00012468  00000+0  10026-2 0  9998
2 54228  97.6592  45.9782 0011276 187.2085 172.8978 15.00086570 69508
1 54228U 22147B   24043.91245772  .00011338  00000+0  91209-3 0  9996
2 54228  97.6593  46.3066 0011334 186.2182 173.8903 15.00094277 69558
1 54228U 22147B   24044.57949555  .00013083  00000+0  10510-2 0  9993
2 54228  97.6593  46.9633 0011412 184.2687 175.8441 15.00112406 69654
1 54228U 22147B   24044.71290219  .00013579  00000+0  10905-2 0  9993
2 54228  97.6594  47.0945 0011468 183.8435 176.2703 15.00115957 69672
1 54228U 22147B   24044.91301118  .00014359  00000+0  11525-2 0  9992
2 54228  97.6594  47.2914 0011476 183.2536 176.8615 15.00122777 69705
1 54228U 22147B   24045.58003778  .00012563  00000+0  10088-2 0  9995
2 54228  97.6593  47.9480 0011530 181.2895 178.8301 15.00137347 69800
1 54228U 22147B   24045.71344217  .00012906  00000+0  10361-2 0  9991
2 54228  97.6593  48.0793 0011555 180.8708 179.2497 15.00140895 69829
1 54228U 22147B   24045.91354795  .00013635  00000+0  10940-2 0  9998
2 54228  97.6592  48.2763 0011573 180.2911 179.8308 15.00147414 69851
1 54228U 22147B   24046.58056297  .00011364  00000+0  91251-3 0  9990
2 54228  97.6591  48.9330 0011680 178.3613 181.7651 15.00161538 69950
1 54228U 22147B   24046.71396521  .00011816  00000+0  94848-3 0  9999
2 54228  97.6591  49.0643 0011703 177.9744 182.1529 15.00164927 69971
1 54228U 22147B   24046.91406784  .00011516  00000+0  92445-3 0  9992
2 54228  97.6591  49.2613 0011725 177.3598 182.7690 15.00169843 70008
1 54228U 22147B   24047.51437256  .00013558  00000+0  10867-2 0  9992
2 54228  97.6588  49.8522 0011803 175.6139 184.5190 15.00185929 70095
1 54228U 22147B   24047.91457308  .00010469  00000+0  84048-3 0  9997
2 54228  97.6588  50.2462 0011856 174.4496 185.6862 15.00191096 70152
1 54228U 22147B   24048.04797257  .00010253  00000+0  82319-3 0  9992
2 54228  97.6588  50.3775 0011875 174.0610 186.0757 15.00193993 70173
1 54228U 22147B   24048.58156821  .00010615  00000+0  85175-3 0  9992
2 54228  97.6587  50.9028 0011942 172.5675 187.5728 15.00206101 70257
1 54228U 22147B   24048.91506347  .00010889  00000+0  87336-3 0  9995
2 54228  97.6586  51.2311 0011981 171.5173 188.6255 15.00213775 70308
1 54228U 22147B   24049.44865208  .00011739  00000+0  94075-3 0  9991
2 54228  97.6584  51.7564 0012046 170.0466 190.0999 15.00226699 70382
1 54228U 22147B   24049.58204860  .00010912  00000+0  87488-3 0  9999
2 54228  97.6584  51.8877 0012063 169.6600 190.4874 15.00228767 70400
1 54228U 22147B   24049.91553859  .00011003  00000+0  88194-3 0  9998
2 54228  97.6583  52.2159 0012103 168.7146 191.4352 15.00236696 70454
1 54228U 22147B   24050.44911953  .00010135  00000+0  81256-3 0  9998
2 54228  97.6579  52.7411 0012157 167.1452 193.0083 15.00247366 70531
1 54228U 22147B   24050.58251432  .00009528  00000+0  76422-3 0  9995
2 54228  97.6579  52.8724 0012175 166.7523 193.4023 15.00249241 70557
1 54228U 22147B   24050.91600011  .00008205  00000+0  65875-3 0  9994
2 54228  97.6577  53.2006 0012217 165.8241 194.3328 15.00254320 70605
1 54228U 22147B   24051.44957490  .00008190  00000+0  65740-3 0  9993
2 54228  97.6573  53.7258 0012275 164.2479 195.9129 15.00263607 70687
1 54228U 22147B   24051.58296808  .00008818  00000+0  70732-3 0  9991
2 54228  97.6572  53.8570 0012292 163.8655 196.2963 15.00266578 70707
1 54228U 22147B   24051.98314630  .00008433  00000+0  67662-3 0  9990
2 54228  97.6570  54.2509 0012329 162.7329 197.4317 15.00273409 70762
1 54228U 22147B   24052.45001851  .00008549  00000+0  68567-3 0  9994
2 54228  97.6568  54.7104 0012381 161.4009 198.7669 15.00281613 70832
1 54228U 22147B   24052.58341030  .00007509  00000+0  60293-3 0  9997
2 54228  97.6568  54.8417 0012393 161.0009 199.1680 15.00282110 70852
1 54228U 22147B   24052.91688857  .00007787  00000+0  62491-3 0  9995
2 54228  97.6566  55.1699 0012422 160.0686 200.1025 15.00288112 70909
1 54228U 22147B   24053.45045139  .00007691  00000+0  61711-3 0  9993
2 54228  97.6565  55.6951 0012487 158.4883 201.6868 15.00296968 70982
1 54228U 22147B   24053.58384151  .00008028  00000+0  64385-3 0  9992
2 54228  97.6565  55.8264 0012495 158.0646 202.1115 15.00299683 71005
1 54228U 22147B   24053.91731620  .00007626  00000+0  61186-3 0  9995
2 54228  97.6564  56.1546 0012522 157.0926 203.0858 15.00304444 71053
1 54228U 22147B   24054.45087302  .00007159  00000+0  57459-3 0  9995
2 54228  97.6563  56.6798 0012593 155.6274 204.5548 15.00312717 71137
1 54228U 22147B   24054.58426153  .00008374  00000+0  67110-3 0  9995
2 54228  97.6563  56.8111 0012601 155.3363 204.8465 15.00316837 71154
1 54228U 22147B   24054.91773242  .00008272  00000+0  66289-3 0  9999
2 54228  97.6563  57.1393 0012632 154.3812 205.8040 15.00322200 71209
1 54228U 22147B   24055.45128361  .00008438  00000+0  67590-3 0  9995
2 54228  97.6564  57.6645 0012708 152.8110 207.3782 15.00331116 71287
1 54228U 22147B   24055.58467093  .00009021  00000+0  72213-3 0  9994
2 54228  97.6563  57.7958 0012716 152.4355 207.7545 15.00333980 71305
1 54228U 22147B   24055.78475136  .00009472  00000+0  75788-3 0  9993
2 54228  97.6563  57.9928 0012722 151.9579 208.2333 15.00337770 71338
1 54228U 22147B   24056.45168280  .00009511  00000+0  76078-3 0  9994
2 54228  97.6563  58.6493 0012787 150.0581 210.1376 15.00349542 71437
1 54228U 22147B   24056.58506806  .00010806  00000+0  86340-3 0  9990
2 54228  97.6563  58.7806 0012793 149.6961 210.5005 15.00354167 71453
1 54228U 22147B   24056.91853091  .00010719  00000+0  85635-3 0  9997
2 54228  97.6563  59.1089 0012820 148.7773 211.4215 15.00360287 71502
1 54228U 22147B   24057.45206813  .00010684  00000+0  85333-3 0  9997
2 54228  97.6564  59.6341 0012867 147.2908 212.9115 15.00371180 71581
1 54228U 22147B   24057.58545187  .00010373  00000+0  82862-3 0  9990
2 54228  97.6564  59.7654 0012872 146.9099 213.2933 15.00373323 71608
1 54228U 22147B   24057.91891035  .00009885  00000+0  78979-3 0  9993
2 54228  97.6565  60.0937 0012902 145.9492 214.2562 15.00379102 71653
1 54228U 22147B   24058.45244049  .00010034  00000+0  80138-3 0  9998
2 54228  97.6566  60.6190 0012945 144.3884 215.8206 15.00390129 71739
1 54228U 22147B   24058.58582257  .00009188  00000+0  73429-3 0  9991
2 54228  97.6566  60.7503 0012959 144.0434 216.1664 15.00391596 71754
1 54228U 22147B   24058.91927702  .00008026  00000+0  64199-3 0  9990
2 54228  97.6567  61.0785 0012991 143.0561 217.1560 15.00396192 71806
1 54228U 22147B   24059.45280154  .00007976  00000+0  63787-3 0  9998
2 54228  97.6569  61.6039 0013043 141.6906 218.5246 15.00404735 71889
1 54228U 22147B   24059.51949195  .00007459  00000+0  59689-3 0  9994
2 54228  97.6569  61.6696 0013054 141.5033 218.7124 15.00404996 71897
1 54228U 22147B   24059.91963316  .00007350  00000+0  58813-3 0  9997
2 54228  97.6570  62.0636 0013069 140.3956 219.8225 15.00411066 71952
1 54228U 22147B   24060.45315269  .00007243  00000+0  57958-3 0  9996
2 54228  97.6571  62.5889 0013137 138.8147 221.4071 15.00418911 72032
1 54228U 22147B   24060.51984246  .00007037  00000+0  56318-3 0  9990
2 54228  97.6572  62.6546 0013143 138.6128 221.6094 15.00419526 72049
1 54228U 22147B   24060.91997974  .00007379  00000+0  59021-3 0  9999
2 54228  97.6571  63.0486 0013149 137.5676 222.6566 15.00425887 72107
1 54228U 22147B   24061.45349418  .00007816  00000+0  62468-3 0  9998
2 54228  97.6572  63.5739 0013203 135.9989 224.2288 15.00434244 72188
1 54228U 22147B   24061.58687228  .00007965  00000+0  63646-3 0  9990
2 54228  97.6571  63.7052 0013208 135.6205 224.6080 15.00436332 72207
1 54228U 22147B   24061.92031658  .00007908  00000+0  63191-3 0  9990
2 54228  97.6571  64.0336 0013219 134.7305 225.4997 15.00441307 72258
1 54228U 22147B   24062.45382513  .00008383  00000+0  66930-3 0  9990
2 54228  97.6568  64.5589 0013260 133.2432 226.9901 15.00450499 72332
1 54228U 22147B   24062.58720172  .00008504  00000+0  67886-3 0  9997
2 54228  97.6567  64.6902 0013261 132.8372 227.3968 15.00452790 72356
1 54228U 22147B   24062.92064221  .00008152  00000+0  65094-3 0  9999
2 54228  97.6567  65.0185 0013277 131.9165 228.3193 15.00457899 72403
1 54228U 22147B   24063.52083213  .00008073  00000+0  64451-3 0  9996
2 54228  97.6569  65.6095 0013325 130.2938 229.9453 15.00467992 72495
1 54228U 22147B   24063.98764070  .00018757  00000+0  14879-2 0  9991
2 54228  97.6568  66.0691 0013354 129.0010 231.2405 15.00495229 72565
1 54228U 22147B   24064.45445017  .00011382  00000+0  90569-3 0  9999
2 54228  97.6567  66.5288 0013448 127.5647 232.6801 15.00491246 72632
1 54228U 22147B   24064.58782302  .00008966  00000+0  71472-3 0  9990
2 54228  97.6566  66.6601 0013421 127.2390 233.0060 15.00491583 72652
1 54228U 22147B   24064.92125387  .00008894  00000+0  70890-3 0  9995
2 54228  97.6565  66.9883 0013436 126.3164 233.9303 15.00498421 72704
1 54228U 22147B   24065.58811082  .00008893  00000+0  70852-3 0  9999
2 54228  97.6562  67.6448 0013460 124.5221 235.7276 15.00514662 72803
1 54228U 22147B   24065.72148166  .00008823  00000+0  70291-3 0  9991
2 54228  97.6562  67.7761 0013484 124.1548 236.0956 15.00516985 72827
1 54228U 22147B   24066.58838527  .00010086  00000+0  80229-3 0  9999
2 54228  97.6555  68.6294 0013513 121.7989 238.4553 15.00536281 72959
1 54228U 22147B   24066.98849165  .00008657  00000+0  68932-3 0  9991
2 54228  97.6552  69.0233 0013540 120.6428 239.6133 15.00542529 73017
1 54228U 22147B   24067.58864761  .00009218  00000+0  73341-3 0  9991
2 54228  97.6550  69.6141 0013615 118.9521 241.3070 15.00553943 73108
1 54228U 22147B   24067.98874869  .00009904  00000+0  78739-3 0  9993
2 54228  97.6549  70.0080 0013603 117.8624 242.3980 15.00562650 73165
1 54228U 22147B   24068.45553105  .00009672  00000+0  76889-3 0  9999
2 54228  97.6548  70.4675 0013619 116.6007 243.6614 15.00571037 73232
1 54228U 22147B   24068.72226277  .00009149  00000+0  72752-3 0  9990
2 54228  97.6547  70.7301 0013627 115.8455 244.4176 15.00574715 73279
1 54228U 22147B   24069.45576945  .00010577  00000+0  83981-3 0  9994
2 54228  97.6547  71.4523 0013648 113.8445 246.4210 15.00591366 73387
1 54228U 22147B   24069.72249790  .00009111  00000+0  72422-3 0  9999
2 54228  97.6546  71.7149 0013662 113.1003 247.1662 15.00593607 73426
1 54228U 22147B   24070.45599614  .00008464  00000+0  67290-3 0  9991
2 54228  97.6547  72.4371 0013677 111.0780 249.1908 15.00606276 73531
1 54228U 22147B   24070.92276437  .00008270  00000+0  65753-3 0  9995
2 54228  97.6548  72.8967 0013687 109.7745 250.4956 15.00614226 73603
1 54228U 22147B   24071.45621079  .00007797  00000+0  62003-3 0  9998
2 54228  97.6551  73.4220 0013716 108.3302 251.9415 15.00622992 73686
1 54228U 22147B   24072.45641407  .00007578  00000+0  60254-3 0  9999
2 54228  97.6552  74.4071 0013749 105.5859 254.6883 15.00639768 73839
1 54228U 22147B   24073.45660648  .00007414  00000+0  58931-3 0  9996
2 54228  97.6555  75.3922 0013788 102.8786 257.3979 15.00655985 73980
1 54228U 22147B   24073.58996446  .00008760  00000+0  69530-3 0  9990
2 54228  97.6557  75.5236 0013783 102.5078 257.7689 15.00660243 74007
1 54228U 22147B   24073.92335851  .00008957  00000+0  71068-3 0  9992
2 54228  97.6557  75.8520 0013782 101.5848 258.6924 15.00666487 74052
1 54228U 22147B   24074.25675160  .00008429  00000+0  66901-3 0  9993
2 54228  97.6557  76.1803 0013814 100.7214 259.5566 15.00671320 74104
1 54228U 22147B   24074.52346483  .00008799  00000+0  69804-3 0  9991
2 54228  97.6558  76.4430 0013815 100.0057 260.2727 15.00677027 74145
1 54228U 22147B   24074.92353303  .00008985  00000+0  71253-3 0  9992
2 54228  97.6558  76.8371 0013806  98.8870 261.3917 15.00684574 74205
1 54228U 22147B   24075.52363205  .00008363  00000+0  66338-3 0  9999
2 54228  97.6560  77.4281 0013806  97.2805 262.9988 15.00694499 74297
1 54228U 22147B   24075.92369558  .00008312  00000+0  65926-3 0  9996
2 54228  97.6560  77.8222 0013795  96.1542 264.1254 15.00701409 74356
1 54228U 22147B   24076.52378759  .00007784  00000+0  61763-3 0  9993
2 54228  97.6560  78.4132 0013794  94.5170 265.7630 15.00711100 74445
1 54228U 22147B   24076.59046429  .00007749  00000+0  61481-3 0  9994
2 54228  97.6559  78.4788 0013792  94.3328 265.9472 15.00712009 74457
1 54228U 22147B   24076.92384677  .00007940  00000+0  62975-3 0  9993
2 54228  97.6559  78.8071 0013783  93.4576 266.8225 15.00717820 74509
1 54228U 22147B   24077.52393218  .00007469  00000+0  59259-3 0  9998
2 54228  97.6558  79.3982 0013784  91.9021 268.3782 15.00727189 74597
1 54228U 22147B   24077.59060818  .00007411  00000+0  58797-3 0  9995
2 54228  97.6558  79.4638 0013782  91.6952 268.5851 15.00728007 74605
1 54228U 22147B   24077.92398703  .00007821  00000+0  62012-3 0  9999
2 54228  97.6557  79.7921 0013772  90.6573 269.6229 15.00734084 74657
1 54228U 22147B   24078.45739114  .00006947  00000+0  55134-3 0  9998
2 54228  97.6555  80.3171 0013824  89.2731 271.0077 15.00741423 74730
1 54228U 22147B   24078.92411608  .00008914  00000+0  70571-3 0  9993
2 54228  97.6554  80.7768 0013780  87.9160 272.3641 15.00752643 74802
1 54228U 22147B   24078.99079105  .00008750  00000+0  69276-3 0  9990
2 54228  97.6553  80.8425 0013797  87.8365 272.4439 15.00753498 74812
1 54228U 22147B   24079.52418696  .00011163  00000+0  88192-3 0  9992
2 54228  97.6551  81.3681 0013742  86.4153 273.8642 15.00767443 74894
1 54228U 22147B   24079.99090482  .00011540  00000+0  91131-3 0  9998
2 54228  97.6548  81.8272 0013742  85.2741 275.0052 15.00778017 74967
1 54228U 22147B   24080.59096529  .00011519  00000+0  90930-3 0  9996
2 54228  97.6547  82.4180 0013733  83.7581 276.5207 15.00792338 75057
1 54228U 22147B   24080.92432925  .00012817  00000+0  10108-2 0  9997
2 54228  97.6546  82.7463 0013702  83.0905 277.1877 15.00802392 75100
1 54228U 22147B   24080.99100204  .00012717  00000+0  10029-2 0  9997
2 54228  97.6545  82.8120 0013707  82.8201 277.4581 15.00803828 75112
1 54228U 22147B   24081.52438045  .00013480  00000+0  10623-2 0  9992
2 54228  97.6543  83.3379 0013668  81.4578 278.8194 15.00817459 75198
1 54228U 22147B   24081.92441062  .00016182  00000+0  12734-2 0  9996
2 54228  97.6543  83.7320 0013690  79.9813 280.2955 15.00831719 75251
1 54228U 22147B   24081.99108184  .00016371  00000+0  12881-2 0  9991
2 54228  97.6542  83.7976 0013683  79.7686 280.5080 15.00834145 75264
1 54228U 22147B   24082.59112008  .00013195  00000+0  10392-2 0  9994
2 54228  97.6541  84.3885 0013670  78.0829 282.1927 15.00848320 75354
1 54228U 22147B   24082.92447103  .00012683  00000+0  99886-3 0  9995
2 54228  97.6540  84.7168 0013631  77.1916 283.0830 15.00858613 75400
1 54228U 22147B   24082.99114096  .00012569  00000+0  98989-3 0  9990
2 54228  97.6540  84.7825 0013628  76.9775 283.2969 15.00860708 75410
1 54228U 22147B   24083.72450315  .00016342  00000+0  12840-2 0  9993
2 54228  97.6539  85.5048 0013592  75.0408 285.2320 15.00888719 75524
1 54228U 22147B   24083.92450887  .00016465  00000+0  12934-2 0  9999
2 54228  97.6539  85.7018 0013592  74.4777 285.7947 15.00896062 75558
1 54228U 22147B   24084.52451937  .00022637  00000+0  17736-2 0  9996
2 54228  97.6539  86.2929 0013546  72.9978 287.2730 15.00925259 75648
1 54228U 22147B   24084.72452035  .00024245  00000+0  18983-2 0  9990
2 54228  97.6539  86.4899 0013524  72.5515 287.7186 15.00935236 75674
1 54228U 22147B   24084.92451975  .00038956  00000+0  30390-2 0  9994
2 54228  97.6538  86.6870 0013542  72.0477 288.2222 15.00961431 75703
1 54228U 22147B   24085.92450465  .00024862  00000+0  19440-2 0  9992
2 54228  97.6540  87.6723 0013457  69.4059 290.8607 15.00981870 75856
1 54228U 22147B   24085.99116900  .00022978  00000+0  17973-2 0  9997
2 54228  97.6539  87.7378 0013463  69.1338 291.1326 15.00986195 75863
1 54228U 22147B   24086.52448484  .00013711  00000+0  10756-2 0  9999
2 54228  97.6540  88.2633 0013412  67.6122 292.6522 15.00992338 75942
1 54228U 22147B   24086.59114903  .00013865  00000+0  10875-2 0  9994
2 54228  97.6540  88.3289 0013406  67.4322 292.8319 15.00994206 75956
1 54228U 22147B   24086.92446816  .00013003  00000+0  10201-2 0  9999
2 54228  97.6540  88.6573 0013376  66.4431 293.8197 15.01002902 76007
1 54228U 22147B   24087.59110159  .00011105  00000+0  87175-3 0  9997
2 54228  97.6540  89.3142 0013321  64.6102 295.6500 15.01017653 76100
1 54228U 22147B   24087.72442733  .00011269  00000+0  88453-3 0  9999
2 54228  97.6541  89.4457 0013307  64.2903 295.9693 15.01021145 76129
1 54228U 22147B   24087.92441523  .00011734  00000+0  92056-3 0  9998
2 54228  97.6540  89.6427 0013289  63.7382 296.5206 15.01027365 76151
1 54228U 22147B   24088.52437548  .00011383  00000+0  89293-3 0  9996
2 54228  97.6541  90.2339 0013232  61.9752 298.2808 15.01041935 76247
1 54228U 22147B   24088.92434542  .00011947  00000+0  93661-3 0  9991
2 54228  97.6541  90.6279 0013190  60.9046 299.3497 15.01052979 76305
1 54228U 22147B   24088.99100681  .00011787  00000+0  92408-3 0  9992
2 54228  97.6541  90.6936 0013184  60.6990 299.5550 15.01054606 76315
1 54228U 22147B   24089.52429577  .00012855  00000+0  10069-2 0  9999
2 54228  97.6541  91.2191 0013133  59.2594 300.9922 15.01068523 76394
1 54228U 22147B   24089.92425870  .00011958  00000+0  93687-3 0  9996
2 54228  97.6542  91.6133 0013093  58.1715 302.0782 15.01078330 76454
1 54228U 22147B   24090.52419946  .00010744  00000+0  84207-3 0  9991
2 54228  97.6547  92.2045 0013034  56.4973 303.7495 15.01090653 76541
1 54228U 22147B   24090.59085924  .00010709  00000+0  83934-3 0  9990
2 54228  97.6547  92.2702 0013027  56.2992 303.9472 15.01091996 76551
1 54228U 22147B   24090.92415736  .00013823  00000+0  10813-2 0  9990
2 54228  97.6547  92.5986 0012994  55.3838 304.8609 15.01102379 76605
1 54228U 22147B   24091.59074782  .00010644  00000+0  83386-3 0  9990
2 54228  97.6547  93.2556 0012923  53.5000 306.7412 15.01113624 76708
1 54228U 22147B   24091.72406519  .00010885  00000+0  85255-3 0  9996
2 54228  97.6547  93.3869 0012907  53.1713 307.0693 15.01116648 76721
1 54228U 22147B   24091.92404053  .00010900  00000+0  85358-3 0  9991
2 54228  97.6547  93.5840 0012884  52.5840 307.6554 15.01121747 76751
1 54228U 22147B   24092.59062141  .00010660  00000+0  83459-3 0  9996
2 54228  97.6547  94.2408 0012804  50.6918 309.5440 15.01136007 76857
1 54228U 22147B   24092.99056744  .00009437  00000+0  73939-3 0  9994
2 54228  97.6544  94.6350 0012776  49.5241 310.7094 15.01142690 76919
1 54228U 22147B   24093.52382496  .00008615  00000+0  67534-3 0  9991
2 54228  97.6543  95.1604 0012696  48.0146 312.2157 15.01152439 76992
1 54228U 22147B   24093.72379578  .00008763  00000+0  68681-3 0  9998
2 54228  97.6542  95.3575 0012670  47.4248 312.8043 15.01156082 77021
1 54228U 22147B   24094.45701838  .00008038  00000+0  63025-3 0  9999
2 54228  97.6540  96.0800 0012588  45.2557 314.9690 15.01168052 77138
1 54228U 22147B   24094.52367476  .00007694  00000+0  60349-3 0  9996
2 54228  97.6539  96.1456 0012580  45.0613 315.1630 15.01168562 77141
1 54228U 22147B   24094.72364364  .00007715  00000+0  60503-3 0  9997
2 54228  97.6539  96.3427 0012559  44.4584 315.7646 15.01171378 77172
1 54228U 22147B   24095.52351484  .00007076  00000+0  55524-3 0  9992
2 54228  97.6536  97.1309 0012458  42.1720 318.0460 15.01182791 77296
1 54228U 22147B   24095.59017054  .00007110  00000+0  55784-3 0  9998
2 54228  97.6536  97.1965 0012449  41.9756 318.2420 15.01183665 77301
1 54228U 22147B   24095.92344790  .00007921  00000+0  62083-3 0  9995
2 54228  97.6535  97.5249 0012406  40.8874 319.3278 15.01189940 77351
1 54228U 22147B   24096.58999941  .00007892  00000+0  61840-3 0  9999
2 54228  97.6534  98.1817 0012329  38.9883 321.2228 15.01200254 77450
1 54228U 22147B   24096.72330911  .00007979  00000+0  62511-3 0  9993
2 54228  97.6533  98.3130 0012306  38.6513 321.5589 15.01202342 77476
1 54228U 22147B   24096.92327315  .00008350  00000+0  65390-3 0  9991
2 54228  97.6533  98.5101 0012280  38.0293 322.1796 15.01206445 77505
1 54228U 22147B   24097.45650858  .00008166  00000+0  63942-3 0  9997
2 54228  97.6531  99.0355 0012205  36.4318 323.7734 15.01215451 77581
1 54228U 22147B   24097.92308701  .00008144  00000+0  63760-3 0  9990
2 54228  97.6530  99.4953 0012147  34.9992 325.2028 15.01223159 77659
1 54228U 22147B   24098.45631664  .00007669  00000+0  60059-3 0  9995
2 54228  97.6529 100.0207 0012065  33.4555 326.7429 15.01231470 77731
1 54228U 22147B   24098.92289005  .00007670  00000+0  60060-3 0  9999
2 54228  97.6529 100.4805 0012009  31.9433 328.2517 15.01238816 77809
1 54228U 22147B   24099.45611390  .00008191  00000+0  64091-3 0  9991
2 54228  97.6528 101.0060 0011931  30.2549 329.9362 15.01248333 77880
1 54228U 22147B   24099.98933509  .00008062  00000+0  63077-3 0  9998
2 54228  97.6527 101.5315 0011852  28.5640 331.6232 15.01256138 77968
1 54228U 22147B   24100.45590099  .00007497  00000+0  58684-3 0  9995
2 54228  97.6528 101.9914 0011773  27.1675 333.0163 15.01262794 78036
1 54228U 22147B   24100.72250857  .00008922  00000+0  69725-3 0  9992
2 54228  97.6528 102.2542 0011734  26.2928 333.8890 15.01269375 78076
1 54228U 22147B   24101.45567608  .00008771  00000+0  68534-3 0  9997
2 54228  97.6530 102.9769 0011625  23.9590 336.2173 15.01281794 78187
1 54228U 22147B   24101.92223402  .00008397  00000+0  65625-3 0  9992
2 54228  97.6529 103.4368 0011550  22.4561 337.7167 15.01289021 78253
1 54228U 22147B   24102.25548795  .00008272  00000+0  64648-3 0  9990
2 54228  97.6531 103.7653 0011497  21.3993 338.7709 15.01294729 78303
1 54228U 22147B   24102.58874051  .00008610  00000+0  67256-3 0  9997
2 54228  97.6530 104.0937 0011445  20.3357 339.8321 15.01301437 78359
1 54228U 22147B   24102.92199158  .00008685  00000+0  67824-3 0  9996
2 54228  97.6529 104.4222 0011400  19.1532 341.0119 15.01307727 78404
1 54228U 22147B   24103.52184000  .00009270  00000+0  72334-3 0  9996
2 54228  97.6530 105.0135 0011302  17.1741 342.9863 15.01320148 78494
1 54228U 22147B   24103.58848958  .00009289  00000+0  72476-3 0  9998
2 54228  97.6530 105.0792 0011293  16.9520 343.2079 15.01321309 78509
1 54228U 22147B   24103.92173649  .00009366  00000+0  73063-3 0  9993
2 54228  97.6531 105.4077 0011242  15.8088 344.3485 15.01327650 78554
1 54228U 22147B   24104.58822541  .00009966  00000+0  77683-3 0  9996
2 54228  97.6532 106.0646 0011100  13.5964 346.5557 15.01341965 78655
1 54228U 22147B   24104.78817053  .00010631  00000+0  82816-3 0  9995
2 54228  97.6533 106.2612 0011054  12.9092 347.2414 15.01347240 78689
1 54228U 22147B   24105.92118290  .00013495  00000+0  10488-2 0  9995
2 54228  97.6533 107.3780 0010817   8.9624 351.1791 15.01376398 78856
1 54228U 22147B   24105.98783003  .00013496  00000+0  10489-2 0  9993
2 54228  97.6533 107.4437 0010809   8.7376 351.4034 15.01378118 78865
1 54228U 22147B   24106.58765023  .00013542  00000+0  10520-2 0  9990
2 54228  97.6531 108.0347 0010723   6.5573 353.5789 15.01393576 78955
1 54228U 22147B   24106.92088050  .00014976  00000+0  11624-2 0  9994
2 54228  97.6531 108.3632 0010663   5.3753 354.7583 15.01404836 79009
1 54228U 22147B   24107.52068873  .00019621  00000+0  15195-2 0  9991
2 54228  97.6526 108.9550 0010593   3.1435 356.9854 15.01428828 79094
1 54228U 22147B   24107.58733348  .00019930  00000+0  15432-2 0  9990
2 54228  97.6525 109.0207 0010580   2.9033 357.2251 15.01431500 79109
1 54228U 22147B   24107.92055583  .00020039  00000+0  15511-2 0  9996
2 54228  97.6525 109.3491 0010519   1.7497 358.3762 15.01443738 79150
1 54228U 22147B   24108.52034819  .00017382  00000+0  13459-2 0  9998
2 54228  97.6523 109.9403 0010425 359.5620   0.5594 15.01464401 79244
1 54228U 22147B   24108.92020474  .00018521  00000+0  14329-2 0  9997
2 54228  97.6522 110.3344 0010348 358.0929   2.0255 15.01481258 79300
1 54228U 22147B   24108.98684706  .00018552  00000+0  14352-2 0  9997
2 54228  97.6521 110.4000 0010339 357.8457   2.2721 15.01484008 79319
1 54228U 22147B   24109.58662398  .00016416  00000+0  12703-2 0  9992
2 54228  97.6519 110.9911 0010164 355.6862   4.4273 15.01502940 79406
1 54228U 22147B   24109.91982929  .00018601  00000+0  14378-2 0  9992
2 54228  97.6518 111.3195 0010091 354.3470   5.7639 15.01517881 79459
1 54228U 22147B   24110.51959267  .00020177  00000+0  15579-2 0  9994
2 54228  97.6515 111.9107 0010075 351.9210   8.1851 15.01541212 79540
1 54228U 22147B   24110.58623234  .00020535  00000+0  15853-2 0  9996
2 54228  97.6515 111.9764 0010063 351.6513   8.4542 15.01544211 79552
1 54228U 22147B   24110.91942678  .00029302  00000+0  22558-2 0  9990
2 54228  97.6514 112.3047 0009961 350.3922   9.7110 15.01571157 79605
1 54228U 22147B   24110.98606528  .00030440  00000+0  23426-2 0  9998
2 54228  97.6512 112.3707 0009954 350.0344  10.0681 15.01574813 79614
1 54228U 22147B   24111.51917100  .00016924  00000+0  13065-2 0  9998
2 54228  97.6511 112.8961 0009733 347.9903  12.1088 15.01589739 79696
1 54228U 22147B   24111.58580854  .00016506  00000+0  12744-2 0  9996
2 54228  97.6511 112.9619 0009684 347.7526  12.3461 15.01592009 79704
1 54228U 22147B   24111.91899375  .00016073  00000+0  12407-2 0  9999
2 54228  97.6509 113.2905 0009659 346.4427  13.6536 15.01606307 79750
1 54228U 22147B   24112.58535549  .00021183  00000+0  16312-2 0  9990
2 54228  97.6507 113.9474 0009576 343.5816  16.5097 15.01637354 79855
1 54228U 22147B   24112.91853141  .00021892  00000+0  16848-2 0  9999
2 54228  97.6507 114.2760 0009551 342.2430  17.8459 15.01652219 79907
1 54228U 22147B   24113.45160631  .00019745  00000+0  15196-2 0  9993
2 54228  97.6505 114.8013 0009473 339.8570  20.2279 15.01674569 79980
1 54228U 22147B   24113.58487375  .00019331  00000+0  14877-2 0  9990
2 54228  97.6505 114.9327 0009497 339.3950  20.6890 15.01679672 80000
1 54228U 22147B   24113.91804032  .00018993  00000+0  14614-2 0  9992
2 54228  97.6503 115.2613 0009476 338.0133  22.0683 15.01692885 80058
1 54228U 22147B   24114.58436475  .00016230  00000+0  12491-2 0  9991
2 54228  97.6502 115.9182 0009420 335.0782  24.9986 15.01717696 80157
1 54228U 22147B   24114.91752255  .00018013  00000+0  13850-2 0  9996
2 54228  97.6502 116.2468 0009450 333.7966  26.2780 15.01731990 80206
1 54228U 22147B   24114.98415371  .00017917  00000+0  13775-2 0  9996
2 54228  97.6501 116.3125 0009448 333.4889  26.5851 15.01734884 80212
1 54228U 22147B   24115.58382922  .00016313  00000+0  12542-2 0  9998
2 54228  97.6501 116.9036 0009357 330.7719  29.2981 15.01757767 80309
1 54228U 22147B   24115.91697804  .00019458  00000+0  14938-2 0  9997
2 54228  97.6499 117.2323 0009359 329.2996  30.7680 15.01773180 80355
1 54228U 22147B   24116.51663949  .00016571  00000+0  12727-2 0  9994
2 54228  97.6499 117.8234 0009328 326.7200  33.3437 15.01792706 80442
1 54228U 22147B   24116.58326807  .00016580  00000+0  12733-2 0  9997
2 54228  97.6500 117.8891 0009327 326.4497  33.6136 15.01795022 80452
1 54228U 22147B   24116.91640904  .00018461  00000+0  14164-2 0  9991
2 54228  97.6498 118.2178 0009159 324.6002  35.4613 15.01809247 80507
1 54228U 22147B   24117.58268296  .00018070  00000+0  13858-2 0  9990
2 54228  97.6501 118.8750 0009028 321.4021  38.6558 15.01832818 80609
1 54228U 22147B   24117.71593646  .00018288  00000+0  14022-2 0  9990
2 54228  97.6501 119.0066 0009039 320.9230  39.1341 15.01837746 80623
1 54228U 22147B   24118.58207386  .00015457  00000+0  11854-2 0  9994
2 54228  97.6501 119.8605 0009040 317.3565  42.6957 15.01866660 80756
1 54228U 22147B   24118.91519903  .00015826  00000+0  12132-2 0  9992
2 54228  97.6502 120.1891 0009025 315.8710  44.1794 15.01878920 80801
1 54228U 22147B   24119.24832220  .00014822  00000+0  11364-2 0  9990
2 54228  97.6501 120.5175 0009017 314.4169  45.6317 15.01887965 80854
1 54228U 22147B   24119.58144397  .00010645  00000+0  81780-3 0  9997
2 54228  97.6501 120.8461 0009019 312.8781  47.1686 15.01892455 80901
1 54228U 22147B   24119.91456387  .00010220  00000+0  78525-3 0  9991
2 54228  97.6501 121.1746 0009013 311.3485  48.6964 15.01900335 80957
1 54228U 22147B   24120.51417640  .00008417  00000+0  64750-3 0  9998
2 54228  97.6500 121.7658 0009015 308.6089  51.4328 15.01910866 81042
1 54228U 22147B   24120.58079978  .00008342  00000+0  64176-3 0  9992
2 54228  97.6500 121.8315 0009016 308.3132  51.7282 15.01911950 81058
1 54228U 22147B   24120.91391581  .00007989  00000+0  61474-3 0  9990
2 54228  97.6499 122.1600 0009010 306.7671  53.2726 15.01917766 81107
1 54228U 22147B   24121.58014465  .00008033  00000+0  61789-3 0  9997
2 54228  97.6496 122.8169 0009023 303.7362  56.3002 15.01928524 81205
1 54228U 22147B   24121.91325713  .00009032  00000+0  69392-3 0  9993
2 54228  97.6494 123.1453 0009035 302.2263  57.8085 15.01935521 81257
1 54228U 22147B   24121.97987937  .00009237  00000+0  70954-3 0  9994
2 54228  97.6494 123.2110 0009039 301.9226  58.1119 15.01937109 81264
1 54228U 22147B   24122.71272249  .00008444  00000+0  64892-3 0  9993
2 54228  97.6491 123.9335 0009054 298.5860  61.4454 15.01947335 81372
1 54228U 22147B   24123.51218154  .00007914  00000+0  60835-3 0  9991
2 54228  97.6487 124.7218 0009084 295.0761  64.9520 15.01959346 81491
1 54228U 22147B   24124.24501170  .00009272  00000+0  71153-3 0  9999
2 54228  97.6483 125.4443 0009122 291.9123  68.1132 15.01974203 81602
1 54228U 22147B   24124.57811443  .00007861  00000+0  60398-3 0  9993
2 54228  97.6480 125.7727 0009127 290.4970  69.5274 15.01978094 81655
1 54228U 22147B   24124.91121576  .00007733  00000+0  59412-3 0  9995
2 54228  97.6477 126.1011 0009153 289.0616  70.9617 15.01983850 81701
1 54228U 22147B   24125.51079528  .00006939  00000+0  53353-3 0  9996
2 54228  97.6475 126.6923 0009195 286.5140  73.5074 15.01993115 81796
1 54228U 22147B   24126.57670655  .00007986  00000+0  61297-3 0  9990
2 54228  97.6467 127.7431 0009290 281.7230  78.2952 15.02009706 81956
1 54228U 22147B   24126.90980179  .00008364  00000+0  64164-3 0  9999
2 54228  97.6465 128.0714 0009308 280.1718  79.8456 15.02014756 82000
1 54228U 22147B   24127.57598793  .00009860  00000+0  75516-3 0  9995
2 54228  97.6462 128.7282 0009384 277.3695  82.6463 15.02027645 82102
1 54228U 22147B   24127.90907873  .00010406  00000+0  79651-3 0  9997
2 54228  97.6461 129.0566 0009422 275.9883  84.0267 15.02034505 82152
1 54228U 22147B   24128.24216811  .00011497  00000+0  87923-3 0  9992
2 54228  97.6459 129.3851 0009463 274.6473  85.3671 15.02042535 82206
1 54228U 22147B   24128.57525684  .00008666  00000+0  66412-3 0  9993
2 54228  97.6458 129.7136 0009499 273.3713  86.6425 15.02044144 82251
1 54228U 22147B   24128.90834373  .00009019  00000+0  69079-3 0  9993
2 54228  97.6457 130.0420 0009535 272.0161  87.9972 15.02050886 82302
1 54228U 22147B   24129.50789727  .00009411  00000+0  72040-3 0  9990
2 54228  97.6455 130.6332 0009607 269.4188  90.5935 15.02062143 82394
1 54228U 22147B   24129.57451407  .00009496  00000+0  72682-3 0  9993
2 54228  97.6455 130.6989 0009614 269.1337  90.8786 15.02063334 82405
1 54228U 22147B   24129.90759692  .00010077  00000+0  77078-3 0  9998
2 54228  97.6454 131.0273 0009667 267.8530  92.1588 15.02070317 82452
1 54228U 22147B   24130.57375870  .00011007  00000+0  84102-3 0  9995
2 54228  97.6453 131.6842 0009751 265.2480  94.7631 15.02084188 82558
1 54228U 22147B   24130.90683707  .00013505  00000+0  10302-2 0  9998
2 54228  97.6451 132.0126 0009816 264.0263  95.9843 15.02094618 82607
1 54228U 22147B   24131.57298838  .00013132  00000+0  10016-2 0  9997
2 54228  97.6453 132.6694 0009926 261.0090  99.0012 15.02108097 82703
1 54228U 22147B   24131.90606031  .00021699  00000+0  16492-2 0  9993
2 54228  97.6453 132.9978 0009968 259.5697 100.4404 15.02127540 82753
1 54228U 22147B   24131.97267432  .00021976  00000+0  16700-2 0  9998
2 54228  97.6453 133.0635 0009974 259.4086 100.6015 15.02130252 82768
1 54228U 22147B   24132.50557448  .00040594  00000+0  30687-2 0  9994
2 54228  97.6453 133.5889 0010066 257.1192 102.8909 15.02181629 82840
1 54228U 22147B   24132.90523852  .00030879  00000+0  23367-2 0  9992
2 54228  97.6453 133.9833 0010095 255.9214 104.0889 15.02211019 82901
1 54228U 22147B   24133.50472590  .00013626  00000+0  10356-2 0  9996
2 54228  97.6452 134.5742 0010182 253.3130 106.6977 15.02231211 82993
1 54228U 22147B   24133.57133523  .00013498  00000+0  10259-2 0  9992
2 54228  97.6451 134.6397 0010171 252.5343 107.4770 15.02232906 83009
1 54228U 22147B   24133.97098947  .00016127  00000+0  12240-2 0  9990
2 54228  97.6451 135.0340 0010226 251.1424 108.8692 15.02244698 83063
1 54228U 22147B   24134.50385686  .00014201  00000+0  10782-2 0  9999
2 54228  97.6451 135.5592 0010321 248.6783 111.3340 15.02258054 83141
1 54228U 22147B   24135.23654181  .00012358  00000+0  93871-3 0  9991
2 54228  97.6450 136.2817 0010366 246.6076 113.4059 15.02275456 83257
1 54228U 22147B   24135.43636345  .00012080  00000+0  91755-3 0  9996
2 54228  97.6449 136.4787 0010400 245.8642 114.1496 15.02280633 83281
1 54228U 22147B   24135.96921679  .00014844  00000+0  11255-2 0  9997
2 54228  97.6448 137.0042 0010462 244.0799 115.9348 15.02299068 83369
1 54228U 22147B   24136.50206521  .00015059  00000+0  11412-2 0  9994
2 54228  97.6446 137.5295 0010554 242.0164 117.9994 15.02313918 83447
1 54228U 22147B   24136.56867090  .00015134  00000+0  11468-2 0  9999
2 54228  97.6446 137.5952 0010561 241.7822 118.2337 15.02315826 83458
1 54228U 22147B   24136.90169755  .00016269  00000+0  12319-2 0  9996
2 54228  97.6445 137.9236 0010611 240.6661 119.3504 15.02327202 83506
1 54228U 22147B   24137.50113832  .00021811  00000+0  16475-2 0  9994
2 54228  97.6441 138.5146 0010718 238.5078 121.5100 15.02354229 83590
1 54228U 22147B   24138.50018671  .00016290  00000+0  12315-2 0  9994
2 54228  97.6436 139.4992 0010945 233.9802 126.0410 15.02385874 83740
1 54228U 22147B   24138.89979816  .00018146  00000+0  13702-2 0  9996
2 54228  97.6434 139.8927 0011160 230.6997 129.3239 15.02404300 83807
1 54228U 22147B   24139.49920737  .00020099  00000+0  15157-2 0  9997
2 54228  97.6436 140.4843 0011075 230.4473 129.5774 15.02431164 83899
1 54228U 22147B   24139.56580767  .00020157  00000+0  15199-2 0  9991
2 54228  97.6437 140.5500 0011072 230.4358 129.5890 15.02434175 83906
1 54228U 22147B   24139.96540639  .00019026  00000+0  14344-2 0  9993
2 54228  97.6435 140.9449 0011070 229.3612 130.6651 15.02453753 83965
1 54228U 22147B   24140.56479748  .00018167  00000+0  13692-2 0  9993
2 54228  97.6434 141.5358 0011134 227.3280 132.7007 15.02475527 84052
1 54228U 22147B   24140.89778861  .00018846  00000+0  14196-2 0  9991
2 54228  97.6432 141.8644 0011185 226.2709 133.7591 15.02488293 84100
1 54228U 22147B   24141.56376321  .00016849  00000+0  12692-2 0  9991
2 54228  97.6432 142.5210 0011279 223.9416 136.0913 15.02510503 84205
1 54228U 22147B   24142.09653611  .00016846  00000+0  12684-2 0  9998
2 54228  97.6432 143.0465 0011339 222.0539 137.9817 15.02528312 84284
1 54228U 22147B   24142.56270818  .00013983  00000+0  10537-2 0  9998
2 54228  97.6432 143.5064 0011392 220.4929 139.5449 15.02539215 84359
1 54228U 22147B   24142.96228023  .00015459  00000+0  11637-2 0  9995
2 54228  97.6432 143.9007 0011445 219.0889 140.9510 15.02553574 84414
1 54228U 22147B   24143.49503901  .00013154  00000+0  99089-3 0  9993
2 54228  97.6432 144.4261 0011528 217.1345 142.9083 15.02566136 84493
1 54228U 22147B   24143.89460441  .00012692  00000+0  95601-3 0  9990
2 54228  97.6434 144.8203 0011582 215.6540 144.3912 15.02577083 84552
1 54228U 22147B   24144.56054052  .00012614  00000+0  94970-3 0  9994
2 54228  97.6436 145.4772 0011620 213.5392 146.5098 15.02595204 84652
1 54228U 22147B   24144.89350524  .00013898  00000+0  10454-2 0  9992
2 54228  97.6437 145.8056 0011658 212.3526 147.6985 15.02606135 84708
1 54228U 22147B   24145.55942784  .00014468  00000+0  10874-2 0  9991
2 54228  97.6439 146.4625 0011704 210.1313 149.9240 15.02626949 84806
1 54228U 22147B   24145.89238579  .00013722  00000+0  10314-2 0  9999
2 54228  97.6441 146.7911 0011790 208.7639 151.2937 15.02636303 84858
1 54228U 22147B   24145.95897717  .00013506  00000+0  10152-2 0  9991
2 54228  97.6441 146.8568 0011795 208.5155 151.5426 15.02638149 84860
1 54228U 22147B   24146.55829636  .00011105  00000+0  83547-3 0  9995
2 54228  97.6443 147.4479 0011949 206.1732 153.8890 15.02651684 84955
1 54228U 22147B   24146.95783945  .00011708  00000+0  88028-3 0  9999
2 54228  97.6445 147.8423 0011905 205.0965 154.9683 15.02662233 85010
1 54228U 22147B   24147.55715020  .00009752  00000+0  73398-3 0  9995
2 54228  97.6448 148.4337 0011961 202.9783 157.0909 15.02672827 85105
1 54228U 22147B   24147.95668787  .00010209  00000+0  76794-3 0  9998
2 54228  97.6450 148.8280 0012007 201.5255 158.5466 15.02681823 85166
1 54228U 22147B   24148.55599096  .00008634  00000+0  65011-3 0  9990
2 54228  97.6452 149.4193 0012022 199.4891 160.5876 15.02691085 85255
1 54228U 22147B   24148.95552354  .00008967  00000+0  67487-3 0  9998
2 54228  97.6454 149.8137 0012063 198.1158 161.9639 15.02699413 85318
1 54228U 22147B   24149.55481919  .00008179  00000+0  61582-3 0  9998
2 54228  97.6457 150.4052 0012105 196.0412 164.0432 15.02709440 85409
1 54228U 22147B   24149.95434737  .00008373  00000+0  63020-3 0  9993
2 54228  97.6457 150.7995 0012052 194.8504 165.2369 15.02716857 85465
1 54228U 22147B   24150.08752293  .00008311  00000+0  62555-3 0  9993
2 54228  97.6460 150.9309 0012140 194.2715 165.8169 15.02719064 85485
1 54228U 22147B   24150.55363585  .00008724  00000+0  65619-3 0  9999
2 54228  97.6462 151.3912 0012163 192.6081 167.4841 15.02728097 85554
1 54228U 22147B   24150.95315955  .00009529  00000+0  71608-3 0  9990
2 54228  97.6463 151.7855 0012189 191.2614 168.8340 15.02735890 85615
1 54228U 22147B   24151.55244126  .00010264  00000+0  77067-3 0  9991
2 54228  97.6464 152.3768 0012231 189.1541 170.9462 15.02747441 85703
1 54228U 22147B   24151.95195925  .00014475  00000+0  10839-2 0  9998
2 54228  97.6465 152.7709 0012387 187.5479 172.5562 15.02761674 85766
1 54228U 22147B   24152.55123294  .00014464  00000+0  10827-2 0  9990
2 54228  97.6465 153.3622 0012569 185.1956 174.9141 15.02773382 85851
1 54228U 22147B   24152.88416151  .00010425  00000+0  78206-3 0  9992
2 54228  97.6465 153.6907 0012593 183.9834 176.1293 15.02773050 85908
1 54228U 22147B   24152.95074709  .00010383  00000+0  77890-3 0  9990
2 54228  97.6465 153.7565 0012530 183.8143 176.2988 15.02774226 85911
1 54228U 22147B   24153.55001327  .00009299  00000+0  69797-3 0  9994
2 54228  97.6467 154.3480 0012680 181.5567 178.5621 15.02784410 86003
1 54228U 22147B   24154.01610640  .00010327  00000+0  77433-3 0  9990
2 54228  97.6463 154.8081 0012370 180.1567 179.9657 15.02794968 86072
1 54228U 22147B   24154.48219647  .00009349  00000+0  70138-3 0  9990
2 54228  97.6464 155.2681 0012445 178.3854 181.7414 15.02802565 86148
1 54228U 22147B   24154.94828376  .00010038  00000+0  75245-3 0  9997
2 54228  97.6463 155.7282 0012559 176.6987 183.4323 15.02812271 86214
1 54228U 22147B   24155.48095136  .00010647  00000+0  79746-3 0  9993
2 54228  97.6465 156.2543 0012682 174.7453 185.3908 15.02823688 86298
1 54228U 22147B   24155.61411764  .00010909  00000+0  81690-3 0  9999
2 54228  97.6466 156.3859 0012732 174.2426 185.8947 15.02826459 86311
1 54228U 22147B   24155.94703225  .00011404  00000+0  85350-3 0  9999
2 54228  97.6467 156.7146 0012776 173.0708 187.0696 15.02834037 86364
1 54228U 22147B   24156.47969198  .00012234  00000+0  91484-3 0  9998
2 54228  97.6468 157.2406 0012837 171.1480 188.9973 15.02847068 86449
1 54228U 22147B   24156.74602012  .00012951  00000+0  96793-3 0  9991
2 54228  97.6468 157.5034 0012872 170.1677 189.9802 15.02853980 86481
1 54228U 22147B   24156.94576540  .00012637  00000+0  94451-3 0  9999
2 54228  97.6468 157.7006 0012905 169.4567 190.6931 15.02858404 86510
1 54228U 22147B   24157.47841607  .00012157  00000+0  90852-3 0  9995
2 54228  97.6468 158.2267 0012962 167.6076 192.5470 15.02871196 86593
1 54228U 22147B   24157.74473972  .00012421  00000+0  92794-3 0  9992
2 54228  97.6469 158.4897 0013008 166.6513 193.5058 15.02877914 86634
1 54228U 22147B   24158.21080303  .00012748  00000+0  95192-3 0  9994
2 54228  97.6469 158.9499 0013075 165.0003 195.1612 15.02890047 86702
1 54228U 22147B   24158.47712339  .00012787  00000+0  95462-3 0  9996
2 54228  97.6469 159.2129 0013121 164.0569 196.1071 15.02897124 86741
1 54228U 22147B   24158.94318097  .00012184  00000+0  90961-3 0  9991
2 54228  97.6471 159.6731 0013200 162.3996 197.7689 15.02908670 86819
1 54228U 22147B   24159.74212848  .00013509  00000+0  10072-2 0  9993
2 54228  97.6472 160.4622 0013293 159.6472 200.5286 15.02929929 86938
1 54228U 22147B   24159.94186309  .00015175  00000+0  11304-2 0  9997
2 54228  97.6473 160.6595 0013320 158.9524 201.2251 15.02938113 86969
1 54228U 22147B   24160.47448625  .00014408  00000+0  10732-2 0  9991
2 54228  97.6472 161.1854 0013392 157.1099 203.0726 15.02951550 87046
1 54228U 22147B   24160.94052666  .00013635  00000+0  10156-2 0  9990
2 54228  97.6475 161.6457 0013470 155.4959 204.6909 15.02964494 87115
1 54228U 22147B   24161.00710352  .00013516  00000+0  10067-2 0  9990
2 54228  97.6475 161.7114 0013478 155.2591 204.9284 15.02966342 87128
1 54228U 22147B   24161.47313989  .00012154  00000+0  90566-3 0  9996
2 54228  97.6476 162.1718 0013530 153.6741 206.5174 15.02977055 87198
1 54228U 22147B   24161.93917230  .00013251  00000+0  98645-3 0  9991
2 54228  97.6477 162.6320 0013615 152.1043 208.0915 15.02990658 87268
1 54228U 22147B   24162.53835199  .00011357  00000+0  84604-3 0  9996
2 54228  97.6478 163.2237 0013700 150.0510 210.1502 15.03002957 87357
1 54228U 22147B   24162.93780163  .00013471  00000+0  10020-2 0  9999
2 54228  97.6478 163.6182 0013781 148.7399 211.4648 15.03015414 87412
1 54228U 22147B   24163.53697141  .00013491  00000+0  10031-2 0  9993
2 54228  97.6480 164.2100 0013862 146.7395 213.4705 15.03029913 87501
1 54228U 22147B   24164.26928254  .00011144  00000+0  82926-3 0  9992
2 54228  97.6480 164.9333 0013970 144.2872 215.9290 15.03044385 87617
1 54228U 22147B   24164.93501360  .00010207  00000+0  75972-3 0  9993
2 54228  97.6480 165.5905 0014082 142.1002 218.1217 15.03058044 87718
1 54228U 22147B   24165.53416674  .00008863  00000+0  66026-3 0  9998
2 54228  97.6479 166.1823 0014157 140.1253 220.1015 15.03068021 87806
1 54228U 22147B   24165.60073905  .00008891  00000+0  66230-3 0  9990
2 54228  97.6479 166.2478 0014167 139.8994 220.3280 15.03069273 87818
1 54228U 22147B   24165.93359954  .00009085  00000+0  67648-3 0  9997
2 54228  97.6479 166.5766 0014219 138.8546 221.3754 15.03076151 87866
1 54228U 22147B   24166.59931684  .00009011  00000+0  67080-3 0  9995
2 54228  97.6478 167.2340 0014295 136.7478 223.4872 15.03087902 87967
1 54228U 22147B   24166.93217337  .00009230  00000+0  68682-3 0  9997
2 54228  97.6478 167.5626 0014315 135.6661 224.5713 15.03094300 88015
1 54228U 22147B   24167.59788208  .00010145  00000+0  75409-3 0  9992
2 54228  97.6478 168.2201 0014429 133.6073 226.6352 15.03108261 88118
1 54228U 22147B   24167.93073385  .00011167  00000+0  82928-3 0  9992
2 54228  97.6478 168.5489 0014487 132.5961 227.6489 15.03116656 88161
1 54228U 22147B   24168.52986404  .00009904  00000+0  73590-3 0  9994
2 54228  97.6477 169.1407 0014589 130.7499 229.4995 15.03126762 88257
1 54228U 22147B   24168.92928105  .00010346  00000+0  76829-3 0  9992
2 54228  97.6476 169.5352 0014622 129.5476 230.7044 15.03135573 88315
1 54228U 22147B   24169.92781604  .00009231  00000+0  68574-3 0  9993
2 54228  97.6473 170.5216 0014740 126.5196 233.7389 15.03152633 88467
1 54228U 22147B   24170.52693138  .00008603  00000+0  63929-3 0  9996
2 54228  97.6472 171.1134 0014796 124.7716 235.4905 15.03162444 88555
1 54228U 22147B   24170.59349952  .00008585  00000+0  63797-3 0  9997
2 54228  97.6471 171.1792 0014801 124.5774 235.6850 15.03163451 88564
1 54228U 22147B   24170.92633921  .00008557  00000+0  63580-3 0  9995
2 54228  97.6470 171.5080 0014823 123.5761 236.6882 15.03169265 88617
1 54228U 22147B   24171.59201496  .00007688  00000+0  57157-3 0  9994
2 54228  97.6469 172.1656 0014892 121.7003 238.5677 15.03179528 88713
1 54228U 22147B   24171.72514949  .00007753  00000+0  57632-3 0  9990
2 54228  97.6468 172.2972 0014896 121.2988 238.9698 15.03181731 88733
1 54228U 22147B   24171.92485070  .00007247  00000+0  53903-3 0  9999
2 54228  97.6468 172.4945 0014899 120.7124 239.5571 15.03184751 88769
1 54228U 22147B   24172.59051846  .00007795  00000+0  57914-3 0  9997
2 54228  97.6465 173.1521 0014956 118.8888 241.3840 15.03197313 88862
1 54228U 22147B   24172.98991676  .00007836  00000+0  58205-3 0  9994
2 54228  97.6465 173.5467 0014955 117.7102 242.5642 15.03204164 88924
1 54228U 22147B   24173.58901087  .00008358  00000+0  62030-3 0  9999
2 54228  97.6463 174.1385 0014970 116.0080 244.2689 15.03215019 89014
1 54228U 22147B   24173.92183941  .00008267  00000+0  61358-3 0  9999
2 54228  97.6463 174.4673 0014968 115.0433 245.2348 15.03220109 89069
1 54228U 22147B   24174.52092790  .00007753  00000+0  57556-3 0  9991
2 54228  97.6463 175.0592 0014974 113.3536 246.9267 15.03228811 89154
1 54228U 22147B   24174.58749308  .00007793  00000+0  57853-3 0  9995
2 54228  97.6462 175.1250 0014971 113.1622 247.1182 15.03229774 89165
1 54228U 22147B   24174.92031824  .00007968  00000+0  59130-3 0  9994
2 54228  97.6462 175.4537 0014962 112.2286 248.0528 15.03234973 89219
1 54228U 22147B   24175.58596478  .00008086  00000+0  59980-3 0  9993
2 54228  97.6462 176.1110 0014964 110.3593 249.9241 15.03245772 89318
1 54228U 22147B   24175.91878617  .00008521  00000+0  63174-3 0  9992
2 54228  97.6462 176.4398 0014947 109.4046 250.8796 15.03251779 89367
1 54228U 22147B   24176.58442573  .00007817  00000+0  57983-3 0  9992
2 54228  97.6463 177.0975 0014893 107.3589 252.9266 15.03261397 89468
1 54228U 22147B   24176.91724350  .00008073  00000+0  59857-3 0  9992
2 54228  97.6463 177.4264 0014883 106.4623 253.8239 15.03267253 89514
1 54228U 22147B   24176.98380693  .00008004  00000+0  59349-3 0  9997
2 54228  97.6462 177.4922 0014879 106.2951 253.9912 15.03268283 89525
1 54228U 22147B   24177.58287508  .00008400  00000+0  62238-3 0  9996
2 54228  97.6462 178.0840 0014849 104.6375 255.6498 15.03279250 89614
1 54228U 22147B   24177.91568856  .00009198  00000+0  68088-3 0  9995
2 54228  97.6462 178.4127 0014826 103.7453 256.5424 15.03286546 89668
1 54228U 22147B   24177.98225114  .00009096  00000+0  67338-3 0  9993
2 54228  97.6462 178.4785 0014827 103.6269 256.6608 15.03287617 89679
1 54228U 22147B   24178.91411993  .00010482  00000+0  77471-3 0  9999
2 54228  97.6461 179.3989 0014784 101.3457 258.9430 15.03308394 89810
1 54228U 22147B   24178.98068146  .00010637  00000+0  78606-3 0  9997
2 54228  97.6462 179.4646 0014810 101.4348 258.8541 15.03310421 89829
1 54228U 22147B   24179.91253675  .00010848  00000+0  80114-3 0  9995
2 54228  97.6463 180.3855 0014702  98.6208 261.6684 15.03330753 89960
1 54228U 22147B   24180.51157861  .00015867  00000+0  11683-2 0  9993
2 54228  97.6461 180.9772 0014625  96.9673 263.3216 15.03351055 90053
1 54228U 22147B   24180.57813831  .00016084  00000+0  11841-2 0  9993
2 54228  97.6461 181.0429 0014620  96.7809 263.5080 15.03353168 90067
1 54228U 22147B   24180.91093604  .00015117  00000+0  11131-2 0  9997
2 54228  97.6460 181.3717 0014591  95.8728 264.4161 15.03361343 90116
1 54228U 22147B   24181.57652502  .00013619  00000+0  10030-2 0  9990
2 54228  97.6457 182.0291 0014515  93.9902 266.2983 15.03378887 90210
1 54228U 22147B   24181.90931645  .00012879  00000+0  94870-3 0  9997
2 54228  97.6455 182.3577 0014483  93.1707 267.1176 15.03387388 90262
1 54228U 22147B   24182.57489411  .00011584  00000+0  85355-3 0  9990
2 54228  97.6452 183.0151 0014396  91.2628 269.0247 15.03402392 90363
1 54228U 22147B   24182.90767989  .00012829  00000+0  94441-3 0  9995
2 54228  97.6450 183.3439 0014347  90.3379 269.9491 15.03412432 90414
1 54228U 22147B   24183.24046432  .00011369  00000+0  83748-3 0  9992
2 54228  97.6448 183.6726 0014308  89.3646 270.9218 15.03418379 90465
1 54228U 22147B   24183.57324685  .00011338  00000+0  83503-3 0  9992
2 54228  97.6446 184.0014 0014254  88.3909 271.8949 15.03426730 90516
1 54228U 22147B   24183.90602753  .00011577  00000+0  85234-3 0  9992
2 54228  97.6444 184.3301 0014208  87.4474 272.8378 15.03435140 90569
1 54228U 22147B   24184.50502859  .00010560  00000+0  77772-3 0  9994
2 54228  97.6442 184.9220 0014102  85.4997 274.7839 15.03447999 90652
1 54228U 22147B   24184.57158398  .00010465  00000+0  77077-3 0  9998
2 54228  97.6441 184.9878 0014095  85.3027 274.9808 15.03449291 90660
1 54228U 22147B   24184.90435973  .00010897  00000+0  80219-3 0  9993
2 54228  97.6441 185.3165 0014042  84.2847 275.9980 15.03457273 90711
1 54228U 22147B   24185.56990686  .00010024  00000+0  73814-3 0  9998
2 54228  97.6437 185.9740 0013950  82.3041 277.9768 15.03470327 90815
1 54228U 22147B   24185.90267804  .00009956  00000+0  73304-3 0  9991
2 54228  97.6437 186.3026 0013911  81.2703 279.0097 15.03477328 90868
1 54228U 22147B   24186.56821581  .00009774  00000+0  71952-3 0  9997
2 54228  97.6436 186.9602 0013827  79.1629 281.1152 15.03491075 90964
1 54228U 22147B   24186.96753514  .00010895  00000+0  80116-3 0  9999
2 54228  97.6435 187.3547 0013768  77.8888 282.3879 15.03501347 91023
1 54228U 22147B   24187.56650962  .00011151  00000+0  81958-3 0  9990
2 54228  97.6435 187.9465 0013709  76.1024 284.1725 15.03515198 91116
1 54228U 22147B   24187.89927062  .00011405  00000+0  83796-3 0  9998
2 54228  97.6435 188.2754 0013672  75.1535 285.1204 15.03523507 91167
1 54228U 22147B   24188.49823648  .00009234  00000+0  67934-3 0  9993
2 54228  97.6436 188.8672 0013606  73.2135 287.0582 15.03534855 91253
1 54228U 22147B   24188.56478795  .00009029  00000+0  66436-3 0  9998
2 54228  97.6436 188.9330 0013599  73.0301 287.2414 15.03536018 91269
1 54228U 22147B   24188.89754411  .00009553  00000+0  70242-3 0  9998
2 54228  97.6437 189.2618 0013568  72.0843 288.1861 15.03544005 91316
1 54228U 22147B   24189.42995115  .00009160  00000+0  67357-3 0  9993
2 54228  97.6439 189.7878 0013513  70.3861 289.8822 15.03554419 91395
1 54228U 22147B   24189.96235406  .00010179  00000+0  74768-3 0  9998
2 54228  97.6441 190.3139 0013462  68.8309 291.4353 15.03566916 91470
1 54228U 22147B   24190.56130258  .00010350  00000+0  75992-3 0  9996
2 54228  97.6444 190.9056 0013405  67.0259 293.2379 15.03579695 91565
1 54228U 22147B   24190.96059833  .00011185  00000+0  82052-3 0  9991
2 54228  97.6446 191.3000 0013361  66.2172 294.0453 15.03589908 91624
1 54228U 22147B   24191.55953814  .00010159  00000+0  74558-3 0  9991
2 54228  97.6449 191.8919 0013313  64.3922 295.8678 15.03601560 91717
1 54228U 22147B   24191.95882828  .00010110  00000+0  74182-3 0  9991
2 54228  97.6451 192.2865 0013293  63.0793 297.1789 15.03610467 91774
1 54228U 22147B   24192.42466407  .00009880  00000+0  72487-3 0  9993
2 54228  97.6452 192.7468 0013258  61.6974 298.5588 15.03619876 91848
1 54228U 22147B   24192.95704383  .00010650  00000+0  78074-3 0  9994
2 54228  97.6455 193.2729 0013230  60.0997 300.1541 15.03632529 91923
1 54228U 22147B   24193.55596601  .00010943  00000+0  80178-3 0  9996
2 54228  97.6458 193.8647 0013193  58.2831 301.9679 15.03646039 92018
1 54228U 22147B   24194.02179012  .00011974  00000+0  87646-3 0  9994
2 54228  97.6460 194.3251 0013158  56.8274 303.4212 15.03658574 92088
1 54228U 22147B   24194.48761115  .00012041  00000+0  88105-3 0  9992
2 54228  97.6462 194.7854 0013137  55.2081 305.0379 15.03669390 92157
1 54228U 22147B   24194.95342849  .00012133  00000+0  88751-3 0  9992
2 54228  97.6463 195.2458 0013111  53.8607 306.3830 15.03680802 92229
1 54228U 22147B   24195.55233143  .00012143  00000+0  88792-3 0  9991
2 54228  97.6466 195.8377 0013073  52.1376 308.1030 15.03695080 92316
1 54228U 22147B   24195.95159654  .00014115  00000+0  10308-2 0  9997
2 54228  97.6467 196.2324 0013035  50.9570 309.2813 15.03707372 92379
1 54228U 22147B   24196.55048899  .00013609  00000+0  99367-3 0  9992
2 54228  97.6469 196.8243 0012996  49.2339 311.0012 15.03722274 92466
1 54228U 22147B   24196.88320367  .00015391  00000+0  11226-2 0  9998
2 54228  97.6469 197.1532 0012964  48.3349 311.8984 15.03734017 92517
1 54228U 22147B   24196.94974652  .00015215  00000+0  11098-2 0  9999
2 54228  97.6467 197.2189 0012963  48.2455 311.9876 15.03735718 92521
1 54228U 22147B   24197.54862746  .00014314  00000+0  10440-2 0  9995
2 54228  97.6470 197.8111 0012927  46.4164 313.8132 15.03751648 92619
1 54228U 22147B   24197.94787739  .00013384  00000+0  97634-3 0  9994
2 54228  97.6469 198.2058 0012904  45.2169 315.0104 15.03762402 92678
1 54228U 22147B   24198.01441872  .00013376  00000+0  97569-3 0  9996
2 54228  97.6469 198.2716 0012900  45.0130 315.2139 15.03764404 92686
1 54228U 22147B   24198.54674607  .00015072  00000+0  10981-2 0  9995
2 54228  97.6470 198.7979 0012875  43.4326 316.7912 15.03782433 92760
1 54228U 22147B   24198.94598717  .00015787  00000+0  11494-2 0  9999
2 54228  97.6470 199.1926 0012846  42.3114 317.9100 15.03796684 92820
1 54228U 22147B   24199.54484229  .00017826  00000+0  12962-2 0  9995
2 54228  97.6470 199.7848 0012804  40.6516 319.5663 15.03819072 92919
1 54228U 22147B   24199.94407434  .00017548  00000+0  12756-2 0  9994
2 54228  97.6470 200.1795 0012770  39.5893 320.6262 15.03832678 92975
1 54228U 22147B   24200.54291572  .00017118  00000+0  12439-2 0  9998
2 54228  97.6470 200.7718 0012728  37.9111 322.3009 15.03852420 93060
1 54228U 22147B   24200.74252771  .00017637  00000+0  12812-2 0  9999
2 54228  97.6471 200.9692 0012700  37.4317 322.7791 15.03859545 93097
1 54228U 22147B   24200.94213880  .00017408  00000+0  12644-2 0  9998
2 54228  97.6470 201.1666 0012687  36.8819 323.3277 15.03866425 93129
1 54228U 22147B   24201.60750320  .00014302  00000+0  10396-2 0  9999
2 54228  97.6472 201.8248 0012641  35.0186 325.1868 15.03884494 93225
1 54228U 22147B   24201.87364597  .00015615  00000+0  11341-2 0  9994
2 54228  97.6472 202.0879 0012616  34.3410 325.8629 15.03895115 93260
1 54228U 22147B   24201.94018141  .00015572  00000+0  11309-2 0  9999
2 54228  97.6472 202.1538 0012607  34.1716 326.0319 15.03897496 93274
1 54228U 22147B   24202.60553065  .00016512  00000+0  11980-2 0  9992
2 54228  97.6472 202.8119 0012538  32.3645 327.8347 15.03920889 93374
1 54228U 22147B   24202.93820139  .00017068  00000+0  12377-2 0  9995
2 54228  97.6472 203.1409 0012499  31.5452 328.6520 15.03933198 93428
1 54228U 22147B   24203.00473523  .00017169  00000+0  12449-2 0  9997
2 54228  97.6473 203.2068 0012493  31.3518 328.8450 15.03935628 93431
1 54228U 22147B   24203.60353641  .00015637  00000+0  11340-2 0  9998
2 54228  97.6472 203.7987 0012459  29.6350 330.5579 15.03952714 93528
1 54228U 22147B   24203.93619992  .00016943  00000+0  12277-2 0  9999
2 54228  97.6472 204.1277 0012419  28.6715 331.5191 15.03965471 93575
1 54228U 22147B   24204.46845765  .00016890  00000+0  12234-2 0  9991
2 54228  97.6473 204.6542 0012361  27.1165 333.0704 15.03981371 93658
1 54228U 22147B   24204.93417791  .00016862  00000+0  12209-2 0  9998
2 54228  97.6474 205.1148 0012303  25.8654 334.3184 15.03996475 93726
1 54228U 22147B   24205.59948543  .00015131  00000+0  10958-2 0  9992
2 54228  97.6475 205.7728 0012216  23.9504 336.2287 15.04014599 93828
1 54228U 22147B   24206.46437362  .00013361  00000+0  96781-3 0  9993
2 54228  97.6477 206.6283 0012096  21.4460 338.7270 15.04035746 93956
1 54228U 22147B   24206.93007757  .00013516  00000+0  97872-3 0  9990
2 54228  97.6479 207.0889 0012002  20.2333 339.9366 15.04047674 94029
1 54228U 22147B   24206.99660642  .00013477  00000+0  97588-3 0  9994
2 54228  97.6479 207.1548 0011956  20.1415 340.0280 15.04049337 94036
1 54228U 22147B   24207.92800352  .00011062  00000+0  80165-3 0  9993
2 54228  97.6485 208.0765 0011849  17.2850 342.8776 15.04068560 94179
1 54228U 22147B   24208.06105909  .00011026  00000+0  79899-3 0  9997
2 54228  97.6485 208.2082 0011818  16.9024 343.2594 15.04071688 94198
1 54228U 22147B   24208.52675092  .00013159  00000+0  95212-3 0  9999
2 54228  97.6485 208.6688 0011773  15.3494 344.8087 15.04085822 94265
1 54228U 22147B   24208.72633199  .00013133  00000+0  95015-3 0  9996
2 54228  97.6486 208.8663 0011742  14.6978 345.4586 15.04090769 94296
1 54228U 22147B   24209.05896518  .00012933  00000+0  93551-3 0  9999
2 54228  97.6486 209.1953 0011696  13.6214 346.5325 15.04100321 94347
1 54228U 22147B   24209.45812299  .00011343  00000+0  82104-3 0  9993
2 54228  97.6485 209.5902 0011633  12.2626 347.8881 15.04108770 94401
1 54228U 22147B   24209.92380341  .00011879  00000+0  85934-3 0  9991
2 54228  97.6486 210.0509 0011557  10.7508 349.3963 15.04121624 94477
1 54228U 22147B   24210.52253115  .00010007  00000+0  72461-3 0  9990
2 54228  97.6486 210.6432 0011393   8.7806 351.3617 15.04132944 94560
1 54228U 22147B   24210.92167997  .00010578  00000+0  76547-3 0  9998
2 54228  97.6484 211.0380 0011314   7.3851 352.7539 15.04142535 94625
1 54228U 22147B   24211.52039925  .00010843  00000+0  78427-3 0  9998
2 54228  97.6481 211.6304 0011214   5.1853 354.9487 15.04155181 94718
1 54228U 22147B   24211.91954268  .00011262  00000+0  81414-3 0  9993
2 54228  97.6481 212.0254 0011158   3.7381 356.3926 15.04164046 94774
1 54228U 22147B   24212.25216046  .00011743  00000+0  84848-3 0  9994
2 54228  97.6479 212.3546 0011143   2.4158 357.7120 15.04171191 94826
1 54228U 22147B   24212.58477659  .00015023  00000+0  10835-2 0  9998
2 54228  97.6479 212.6836 0011074   1.1889 358.9361 15.04182217 94877
1 54228U 22147B   24212.91739045  .00013679  00000+0  98696-3 0  9992
2 54228  97.6479 213.0129 0011035 359.9527   0.1696 15.04189167 94921
1 54228U 22147B   24213.51609113  .00011786  00000+0  85094-3 0  9996
2 54228  97.6477 213.6053 0010958 357.5519   2.5651 15.04201892 95017
1 54228U 22147B   24213.58261309  .00011838  00000+0  85465-3 0  9994
2 54228  97.6477 213.6711 0010949 357.2882   2.8283 15.04203506 95027
1 54228U 22147B   24213.91522167  .00014860  00000+0  10709-2 0  9999
2 54228  97.6475 214.0002 0010895 355.9827   4.1310 15.04215171 95079
1 54228U 22147B   24214.51391129  .00013770  00000+0  99244-3 0  9999
2 54228  97.6472 214.5926 0010791 353.5083   6.6002 15.04230326 95163
1 54228U 22147B   24214.91303407  .00014088  00000+0  10149-2 0  9994
2 54228  97.6471 214.9875 0010729 351.8837   8.2213 15.04242078 95224
1 54228U 22147B   24215.57823273  .00012258  00000+0  88351-3 0  9993
2 54228  97.6467 215.6454 0010612 348.9744  11.1248 15.04257927 95326
1 54228U 22147B   24215.91082906  .00013520  00000+0  97360-3 0  9994
2 54228  97.6465 215.9745 0010560 347.5836  12.5128 15.04268266 95374
1 54228U 22147B   24216.24342379  .00012469  00000+0  89825-3 0  9992
2 54228  97.6464 216.3037 0010547 346.2067  13.8869 15.04275037 95425
1 54228U 22147B   24216.57601670  .00012507  00000+0  90080-3 0  9998
2 54228  97.6463 216.6328 0010506 344.7855  15.3054 15.04283645 95475
1 54228U 22147B   24216.90860738  .00014458  00000+0  10400-2 0  9991
2 54228  97.6462 216.9618 0010465 343.3735  16.7147 15.04294776 95526
1 54228U 22147B   24217.50726492  .00016306  00000+0  11715-2 0  9990
2 54228  97.6461 217.5542 0010386 340.7990  19.2843 15.04314151 95615
1 54228U 22147B   24217.57378194  .00016427  00000+0  11801-2 0  9999
2 54228  97.6461 217.6200 0010377 340.5233  19.5595 15.04316303 95624
1 54228U 22147B   24217.97287983  .00028731  00000+0  20555-2 0  9995
2 54228  97.6460 218.0149 0010323 338.8097  21.2700 15.04346531 95689
1 54228U 22147B   24218.50500875  .00014850  00000+0  10666-2 0  9992
2 54228  97.6460 218.5416 0010323 336.6199  23.4556 15.04346843 95768
1 54228U 22147B   24218.97061498  .00014040  00000+0  10084-2 0  9991
2 54228  97.6460 219.0023 0010283 334.6464  25.4256 15.04361873 95833
1 54228U 22147B   24219.56924603  .00012856  00000+0  92346-3 0  9998
2 54228  97.6461 219.5946 0010242 332.0813  27.9862 15.04377712 95927
1 54228U 22147B   24219.90181571  .00014175  00000+0  10173-2 0  9998
2 54228  97.6460 219.9237 0010250 330.6725  29.3925 15.04388821 95972
1 54228U 22147B   24220.50043606  .00014502  00000+0  10401-2 0  9990
2 54228  97.6462 220.5160 0010228 328.1226  31.9380 15.04406348 96060
1 54228U 22147B   24221.56463084  .00017906  00000+0  12814-2 0  9994
2 54228  97.6466 221.5690 0010146 323.5859  36.4676 15.04443976 96227
1 54228U 22147B   24221.89718593  .00019659  00000+0  14055-2 0  9994
2 54228  97.6467 221.8981 0010131 322.2298  37.8216 15.04458071 96273
1 54228U 22147B   24222.56228760  .00018248  00000+0  13044-2 0  9991
2 54228  97.6469 222.5564 0010118 319.4616  40.5855 15.04481930 96378
1 54228U 22147B   24222.89483298  .00022095  00000+0  15768-2 0  9996
2 54228  97.6470 222.8856 0010116 318.0068  42.0382 15.04500962 96426
1 54228U 22147B   24223.09435875  .00022975  00000+0  16388-2 0  9993
2 54228  97.6472 223.0830 0010105 317.1471  42.8967 15.04510731 96454
1 54228U 22147B   24223.55991398  .00020473  00000+0  14606-2 0  9993
2 54228  97.6475 223.5438 0010068 315.0734  44.9676 15.04530722 96523
1 54228U 22147B   24223.95895558  .00025054  00000+0  17842-2 0  9993
2 54228  97.6476 223.9389 0010083 313.6059  46.4329 15.04553369 96584
1 54228U 22147B   24224.42449647  .00025518  00000+0  18158-2 0  9996
2 54228  97.6478 224.3995 0010012 311.5599  48.4768 15.04579931 96652
1 54228U 22147B   24224.95653300  .00029926  00000+0  21255-2 0  9996
2 54228  97.6480 224.9264 0009897 309.3727  50.6622 15.04613809 96733
1 54228U 22147B   24225.35555196  .00024648  00000+0  17517-2 0  9997
2 54228  97.6481 225.3211 0009750 307.2520  52.7816 15.04636492 96794
1 54228U 22147B   24225.88756406  .00056229  00000+0  39662-2 0  9997
2 54228  97.6481 225.8482 0009779 305.8928  54.1389 15.04700280 96873
1 54228U 22147B   24225.95406405  .00057453  00000+0  40509-2 0  9998
2 54228  97.6482 225.9141 0009764 305.6445  54.3871 15.04707987 96883
1 54228U 22147B   24226.41956201  .00020189  00000+0  14335-2 0  9998
2 54228  97.6484 226.3753 0009629 303.7701  56.2607 15.04715541 96954
1 54228U 22147B   24226.75205412  .00025989  00000+0  18413-2 0  9990
2 54228  97.6487 226.7041 0009713 302.3624  57.6662 15.04740961 97001
1 54228U 22147B   24226.95154798  .00024163  00000+0  17122-2 0  9991
2 54228  97.6487 226.9017 0009716 301.5564  58.4713 15.04751314 97036
1 54228U 22147B   24227.55002140  .00021343  00000+0  15123-2 0  9997
2 54228  97.6489 227.4944 0009643 299.1204  60.9057 15.04780546 97123
1 54228U 22147B   24227.94899744  .00020744  00000+0  14694-2 0  9990
2 54228  97.6488 227.8898 0009558 297.3401  62.6852 15.04799242 97189
1 54228U 22147B   24228.01549293  .00020495  00000+0  14517-2 0  9997
2 54228  97.6488 227.9556 0009554 297.0340  62.9910 15.04802513 97191
1 54228U 22147B   24228.41446343  .00020497  00000+0  14512-2 0  9990
2 54228  97.6489 228.3506 0009512 295.2085  64.8154 15.04821132 97258
1 54228U 22147B   24228.94641729  .00021231  00000+0  15019-2 0  9993
2 54228  97.6487 228.8779 0009466 293.2546  66.7683 15.04843943 97332
1 54228U 22147B   24229.01291082  .00021194  00000+0  14992-2 0  9992
2 54228  97.6487 228.9437 0009459 292.9665  67.0563 15.04847284 97348
1 54228U 22147B   24230.01029908  .00024222  00000+0  17099-2 0  9996
2 54228  97.6486 229.9319 0009335 288.8206  71.2007 15.04894677 97499
1 54228U 22147B   24231.00765871  .00025758  00000+0  18156-2 0  9992
2 54228  97.6487 230.9200 0009142 284.0632  75.9577 15.04938405 97646
1 54228U 22147B   24231.53957108  .00021817  00000+0  15384-2 0  9998
2 54228  97.6490 231.4468 0009082 281.2096  78.8109 15.04961724 97720
1 54228U 22147B   24231.93849948  .00022571  00000+0  15904-2 0  9990
2 54228  97.6486 231.8422 0009136 280.3897  79.6299 15.04981168 97787
1 54228U 22147B   24232.47039726  .00018435  00000+0  12998-2 0  9999
2 54228  97.6484 232.3686 0009083 278.3056  81.7141 15.05002201 97860
1 54228U 22147B   24232.86931567  .00020431  00000+0  14391-2 0  9994
2 54228  97.6486 232.7644 0009025 276.6578  83.3621 15.05018398 97928
1 54228U 22147B   24233.60065439  .00020137  00000+0  14173-2 0  9994
2 54228  97.6490 233.4893 0008951 273.0963  86.9239 15.05049183 98036
1 54228U 22147B   24233.99956033  .00020626  00000+0  14509-2 0  9991
2 54228  97.6490 233.8847 0008929 271.4878  88.5326 15.05065963 98096
1 54228U 22147B   24234.59791188  .00019476  00000+0  13697-2 0  9994
2 54228  97.6493 234.4774 0008915 268.9835  91.0370 15.05087932 98182
1 54228U 22147B   24235.59514493  .00018983  00000+0  13339-2 0  9992
2 54228  97.6495 235.4656 0008890 264.3373  95.6840 15.05124325 98330
